lead_id,lead_source,geography,parent_timezone,created_at,demo_scheduled_at,rep_assigned,rep_shift,follow_up_attempts,demo_joined,demo_completed,converted
D17277,Meta,Vietnam,Asia/Ho_Chi_Minh,2026-06-01 00:01,,AD-09,IST_SHIFT,0,N,N,N
D88713,Affiliate,USA,America/New_York,2026-06-01 00:12,,AD-04,US_SHIFT,2,N,N,N
D12743,DSA,USA,America/New_York,2026-06-01 01:07,,AD-01,US_SHIFT,2,N,N,N
D69043,DSA,India,Asia/Kolkata,2026-06-01 01:10,,AD-09,IST_SHIFT,0,N,N,N
D73406,Organic,Saudi Arabia,Asia/Riyadh,2026-06-01 01:28,,AD-08,IST_SHIFT,0,N,N,N
D59725,Meta,Vietnam,Asia/Ho_Chi_Minh,2026-06-01 01:39,,AD-10,IST_SHIFT,1,N,N,N
D61150,DSA,USA,America/New_York,2026-06-01 02:05,,AD-05,US_SHIFT,2,N,N,N
D54340,Google,Vietnam,Asia/Ho_Chi_Minh,2026-06-01 03:01,2026-06-10 10:00,AD-09,IST_SHIFT,4,Y,Y,N
D46535,Google,Singapore,Asia/Singapore,2026-06-01 03:41,,AD-12,SEA_SHIFT,0,N,N,N
D29703,DSA,India,Asia/Kolkata,2026-06-01 03:43,,AD-07,IST_SHIFT,2,N,N,N
D63007,Google,USA,America/New_York,2026-06-01 03:46,,AD-01,US_SHIFT,3,N,N,N
D65923,Google,UK,Europe/London,2026-06-01 06:39,2026-06-01 12:47,AD-03,US_SHIFT,1,Y,Y,Y
D51665,DSA,USA,America/New_York,2026-06-01 06:52,2026-06-08 06:04,AD-02,US_SHIFT,3,Y,Y,N
D90690,Meta,Australia,Australia/Sydney,2026-06-01 13:09,,AD-11,SEA_SHIFT,4,N,N,N
D74681,Organic,Vietnam,Asia/Ho_Chi_Minh,2026-06-01 13:33,2026-06-07 22:29,AD-06,IST_SHIFT,4,Y,Y,Y
D30850,Meta,UK,Europe/London,2026-06-01 14:45,2026-06-04 16:52,AD-01,US_SHIFT,2,N,N,N
D67868,Organic,UAE,Asia/Dubai,2026-06-01 15:16,2026-06-09 09:21,AD-09,IST_SHIFT,2,Y,Y,N
D65433,Organic,USA,America/New_York,2026-06-01 16:56,2026-06-07 08:44,AD-05,US_SHIFT,2,N,N,N
D76045,Google,USA,America/New_York,2026-06-01 17:07,2026-06-02 03:02,AD-04,US_SHIFT,3,Y,N,N
D23910,Google,USA,America/New_York,2026-06-01 17:15,,AD-04,US_SHIFT,1,N,N,N
D31066,Meta,Saudi Arabia,Asia/Riyadh,2026-06-01 17:47,2026-06-02 15:54,AD-09,IST_SHIFT,1,N,N,N
D88808,Meta,USA,America/New_York,2026-06-01 18:34,2026-06-04 04:52,AD-05,US_SHIFT,1,Y,N,N
D42473,Meta,Australia,Australia/Sydney,2026-06-01 18:58,2026-06-06 00:43,AD-12,SEA_SHIFT,2,Y,Y,N
D34248,Meta,Saudi Arabia,Asia/Riyadh,2026-06-01 19:18,2026-06-07 15:09,AD-08,IST_SHIFT,2,Y,Y,N
D38507,Organic,USA,America/New_York,2026-06-01 19:31,2026-06-02 04:13,AD-04,US_SHIFT,0,Y,Y,Y
D77277,Meta,Saudi Arabia,Asia/Riyadh,2026-06-01 19:48,2026-06-02 18:20,AD-07,IST_SHIFT,4,Y,Y,N
D11336,Meta,Vietnam,Asia/Ho_Chi_Minh,2026-06-01 19:58,2026-06-08 11:38,AD-07,IST_SHIFT,1,Y,Y,N
D29829,Meta,Saudi Arabia,Asia/Riyadh,2026-06-01 20:14,2026-06-02 13:21,AD-10,IST_SHIFT,0,N,N,N
D27572,Meta,Australia,Australia/Sydney,2026-06-01 20:50,2026-06-04 19:45,AD-11,SEA_SHIFT,1,N,N,N
D55468,Meta,USA,America/New_York,2026-06-01 21:01,,AD-03,US_SHIFT,2,N,N,N
D57762,DSA,UK,Europe/London,2026-06-01 21:21,2026-06-02 15:50,AD-03,US_SHIFT,2,N,N,N
D55842,Meta,Australia,Australia/Sydney,2026-06-01 21:29,2026-06-06 20:42,AD-12,SEA_SHIFT,1,Y,Y,N
D49636,Meta,Saudi Arabia,Asia/Riyadh,2026-06-01 21:38,2026-06-02 08:59,AD-08,IST_SHIFT,0,Y,Y,N
D76414,Affiliate,Saudi Arabia,Asia/Riyadh,2026-06-01 22:33,,AD-08,IST_SHIFT,0,N,N,N
D13577,Organic,Vietnam,Asia/Ho_Chi_Minh,2026-06-01 23:34,2026-06-03 11:29,AD-06,IST_SHIFT,4,N,N,N
D85380,Google,USA,America/New_York,2026-06-01 23:50,2026-06-03 23:16,AD-04,US_SHIFT,1,Y,Y,Y
D53987,Affiliate,USA,America/New_York,2026-06-02 00:32,,AD-01,US_SHIFT,2,N,N,N
D99207,Meta,USA,America/New_York,2026-06-02 00:56,,AD-01,US_SHIFT,0,N,N,N
D53392,Meta,Saudi Arabia,Asia/Riyadh,2026-06-02 01:43,2026-06-03 10:40,AD-08,IST_SHIFT,4,Y,Y,N
D78201,DSA,USA,America/New_York,2026-06-02 01:45,2026-06-06 07:49,AD-03,US_SHIFT,1,N,N,N
D36066,Meta,USA,America/New_York,2026-06-02 02:55,,AD-03,US_SHIFT,3,N,N,N
D88798,Meta,USA,America/New_York,2026-06-02 03:39,,AD-05,US_SHIFT,1,N,N,N
D47655,Meta,UK,Europe/London,2026-06-02 03:52,,AD-04,US_SHIFT,1,N,N,N
D36210,Google,USA,America/New_York,2026-06-02 04:07,,AD-03,US_SHIFT,2,N,N,N
D31824,Meta,Singapore,Asia/Singapore,2026-06-02 04:28,2026-06-09 12:01,AD-11,SEA_SHIFT,2,N,N,N
D82974,Meta,UK,Europe/London,2026-06-02 05:03,2026-06-05 04:13,AD-01,US_SHIFT,4,Y,N,N
D24309,Google,India,Asia/Kolkata,2026-06-02 08:13,2026-06-03 19:12,AD-10,IST_SHIFT,3,N,N,N
D84063,Meta,UK,Europe/London,2026-06-02 08:35,,AD-04,US_SHIFT,2,N,N,N
D33145,Google,UK,Europe/London,2026-06-02 09:02,2026-06-08 07:23,AD-05,US_SHIFT,3,Y,Y,N
D12962,Meta,Australia,Australia/Sydney,2026-06-02 09:03,2026-06-11 06:34,AD-11,SEA_SHIFT,0,N,N,N
D47888,Meta,Vietnam,Asia/Ho_Chi_Minh,2026-06-02 09:33,2026-06-03 10:41,AD-06,IST_SHIFT,2,Y,Y,N
D11578,Google,USA,America/New_York,2026-06-02 10:53,2026-06-04 08:44,AD-02,US_SHIFT,2,Y,Y,N
D58112,DSA,USA,America/New_York,2026-06-02 11:42,2026-06-03 18:26,AD-05,US_SHIFT,2,Y,Y,Y
D61204,Meta,USA,America/New_York,2026-06-02 11:49,,AD-01,US_SHIFT,1,N,N,N
D69250,Google,Vietnam,Asia/Ho_Chi_Minh,2026-06-02 11:52,2026-06-02 18:56,AD-06,IST_SHIFT,1,Y,Y,N
D64047,Meta,Australia,Australia/Sydney,2026-06-02 12:02,2026-06-02 17:19,AD-11,SEA_SHIFT,1,Y,Y,N
D39378,Referral,USA,America/New_York,2026-06-02 12:09,,AD-04,US_SHIFT,0,N,N,N
D44974,DSA,Saudi Arabia,Asia/Riyadh,2026-06-02 12:21,2026-06-02 19:55,AD-08,IST_SHIFT,1,Y,Y,N
D67434,Referral,USA,America/New_York,2026-06-02 12:29,2026-06-03 03:14,AD-05,US_SHIFT,3,Y,Y,N
D57491,Meta,Vietnam,Asia/Ho_Chi_Minh,2026-06-02 12:32,2026-06-04 08:59,AD-10,IST_SHIFT,2,N,N,N
D64912,Meta,USA,America/New_York,2026-06-02 13:32,2026-06-04 12:00,AD-04,US_SHIFT,1,Y,Y,N
D12796,Meta,USA,America/New_York,2026-06-02 13:59,,AD-01,US_SHIFT,2,N,N,N
D21235,Meta,UK,Europe/London,2026-06-02 14:16,,AD-05,US_SHIFT,1,N,N,N
D60712,Google,Saudi Arabia,Asia/Riyadh,2026-06-02 14:35,2026-06-09 22:54,AD-07,IST_SHIFT,2,N,N,N
D61086,Meta,USA,America/New_York,2026-06-02 15:40,2026-06-03 09:34,AD-04,US_SHIFT,3,Y,Y,N
D76678,DSA,USA,America/New_York,2026-06-02 17:42,,AD-03,US_SHIFT,1,N,N,N
D14610,Meta,Vietnam,Asia/Ho_Chi_Minh,2026-06-02 17:57,2026-06-03 01:21,AD-09,IST_SHIFT,1,N,N,N
D60886,Affiliate,USA,America/New_York,2026-06-02 18:13,2026-06-11 09:46,AD-04,US_SHIFT,2,Y,Y,N
D88209,DSA,Singapore,Asia/Singapore,2026-06-02 18:21,2026-06-03 00:09,AD-11,SEA_SHIFT,0,Y,Y,N
D99319,Meta,USA,America/New_York,2026-06-02 19:06,2026-06-11 03:18,AD-02,US_SHIFT,0,Y,Y,N
D43346,Meta,Vietnam,Asia/Ho_Chi_Minh,2026-06-02 19:18,,AD-10,IST_SHIFT,4,N,N,N
D14351,Affiliate,USA,America/New_York,2026-06-02 19:33,,AD-05,US_SHIFT,3,N,N,N
D98713,DSA,USA,America/New_York,2026-06-02 21:00,,AD-02,US_SHIFT,3,N,N,N
D65927,DSA,Singapore,Asia/Singapore,2026-06-02 21:06,2026-06-03 02:20,AD-11,SEA_SHIFT,1,Y,Y,N
D62677,Google,USA,America/New_York,2026-06-02 21:10,2026-06-04 08:39,AD-03,US_SHIFT,1,Y,Y,Y
D92009,Meta,UK,Europe/London,2026-06-02 21:22,,AD-04,US_SHIFT,1,N,N,N
D48017,Meta,UAE,Asia/Dubai,2026-06-02 21:32,2026-06-09 19:12,AD-10,IST_SHIFT,3,Y,N,N
D43438,Organic,Australia,Australia/Sydney,2026-06-02 22:00,2026-06-09 07:53,AD-12,SEA_SHIFT,1,N,N,N
D94945,DSA,Saudi Arabia,Asia/Riyadh,2026-06-02 22:20,2026-06-10 07:57,AD-10,IST_SHIFT,1,N,N,N
D84499,Organic,USA,America/New_York,2026-06-02 22:30,2026-06-07 21:30,AD-02,US_SHIFT,1,Y,Y,N
D79493,Referral,Vietnam,Asia/Ho_Chi_Minh,2026-06-02 23:03,,AD-07,IST_SHIFT,3,N,N,N
D87093,Organic,USA,America/New_York,2026-06-02 23:15,,AD-05,US_SHIFT,1,N,N,N
D41220,Meta,Australia,Australia/Sydney,2026-06-02 23:42,,AD-12,SEA_SHIFT,3,N,N,N
D12736,Meta,India,Asia/Kolkata,2026-06-03 00:14,2026-06-05 22:24,AD-08,IST_SHIFT,3,N,N,N
D64476,Meta,India,Asia/Kolkata,2026-06-03 00:43,2026-06-03 08:35,AD-07,IST_SHIFT,1,N,N,N
D67072,Referral,USA,America/New_York,2026-06-03 01:45,,AD-02,US_SHIFT,1,N,N,N
D25665,Organic,USA,America/New_York,2026-06-03 01:49,,AD-05,US_SHIFT,2,N,N,N
D73019,Meta,USA,America/New_York,2026-06-03 04:00,,AD-04,US_SHIFT,2,N,N,N
D69628,Meta,USA,America/New_York,2026-06-03 04:59,2026-06-04 06:24,AD-02,US_SHIFT,2,N,N,N
D73879,Meta,UK,Europe/London,2026-06-03 05:25,,AD-05,US_SHIFT,1,N,N,N
D83846,Google,UK,Europe/London,2026-06-03 06:05,,AD-03,US_SHIFT,1,N,N,N
D75982,Meta,Vietnam,Asia/Ho_Chi_Minh,2026-06-03 06:26,2026-06-04 20:18,AD-08,IST_SHIFT,1,Y,Y,N
D44038,Affiliate,UAE,Asia/Dubai,2026-06-03 06:38,2026-06-08 00:14,AD-06,IST_SHIFT,3,N,N,N
D64133,Google,UK,Europe/London,2026-06-03 07:45,2026-06-05 06:31,AD-03,US_SHIFT,2,N,N,N
D70112,Meta,Saudi Arabia,Asia/Riyadh,2026-06-03 07:58,2026-06-08 14:49,AD-08,IST_SHIFT,2,Y,Y,N
D28567,Referral,Vietnam,Asia/Ho_Chi_Minh,2026-06-03 08:15,,AD-08,IST_SHIFT,4,N,N,N
D50010,DSA,USA,America/New_York,2026-06-03 08:55,,AD-05,US_SHIFT,1,N,N,N
D12525,Meta,USA,America/New_York,2026-06-03 09:14,2026-06-03 21:46,AD-04,US_SHIFT,1,Y,Y,N
D53394,Meta,UAE,Asia/Dubai,2026-06-03 09:37,,AD-10,IST_SHIFT,2,N,N,N
D63541,Google,India,Asia/Kolkata,2026-06-03 10:16,,AD-07,IST_SHIFT,2,N,N,N
D60245,Google,Saudi Arabia,Asia/Riyadh,2026-06-03 10:26,2026-06-04 16:33,AD-10,IST_SHIFT,3,Y,Y,N
D94223,Meta,USA,America/New_York,2026-06-03 10:48,2026-06-04 22:48,AD-04,US_SHIFT,0,Y,Y,N
D36321,Meta,USA,America/New_York,2026-06-03 11:54,2026-06-04 11:38,AD-04,US_SHIFT,1,Y,Y,N
D41066,Meta,UK,Europe/London,2026-06-03 12:20,2026-06-13 04:04,AD-03,US_SHIFT,4,N,N,N
D87126,Meta,UK,Europe/London,2026-06-03 14:03,,AD-04,US_SHIFT,1,N,N,N
D89580,Meta,USA,America/New_York,2026-06-03 14:35,2026-06-04 22:10,AD-02,US_SHIFT,3,Y,Y,N
D99534,Google,India,Asia/Kolkata,2026-06-03 15:04,2026-06-13 11:15,AD-09,IST_SHIFT,1,N,N,N
D86629,Meta,UAE,Asia/Dubai,2026-06-03 17:29,2026-06-05 01:37,AD-10,IST_SHIFT,2,Y,Y,N
D20153,Meta,Vietnam,Asia/Ho_Chi_Minh,2026-06-03 18:02,,AD-09,IST_SHIFT,3,N,N,N
D32590,Google,India,Asia/Kolkata,2026-06-03 18:24,2026-06-05 15:37,AD-07,IST_SHIFT,3,N,N,N
D31504,Referral,USA,America/New_York,2026-06-03 19:28,2026-06-04 00:53,AD-04,US_SHIFT,0,Y,Y,N
D90966,Meta,Vietnam,Asia/Ho_Chi_Minh,2026-06-03 20:06,2026-06-10 17:06,AD-10,IST_SHIFT,1,N,N,N
D91352,DSA,USA,America/New_York,2026-06-03 20:09,,AD-03,US_SHIFT,0,N,N,N
D57807,Referral,USA,America/New_York,2026-06-03 21:00,,AD-05,US_SHIFT,4,N,N,N
D42250,Organic,India,Asia/Kolkata,2026-06-03 21:13,2026-06-05 04:26,AD-08,IST_SHIFT,2,Y,Y,N
D15482,Affiliate,UAE,Asia/Dubai,2026-06-03 22:39,,AD-08,IST_SHIFT,4,N,N,N
D54096,Referral,USA,America/New_York,2026-06-04 01:02,2026-06-08 19:07,AD-05,US_SHIFT,0,Y,Y,Y
D60679,Meta,USA,America/New_York,2026-06-04 01:31,2026-06-04 14:12,AD-01,US_SHIFT,1,N,N,N
D71733,Referral,Australia,Australia/Sydney,2026-06-04 02:50,2026-06-04 04:22,AD-12,SEA_SHIFT,2,Y,N,N
D87807,Affiliate,USA,America/New_York,2026-06-04 02:55,2026-06-07 08:02,AD-04,US_SHIFT,1,Y,Y,N
D51369,Affiliate,UK,Europe/London,2026-06-04 03:27,2026-06-05 11:30,AD-02,US_SHIFT,1,Y,Y,N
D37276,Meta,Australia,Australia/Sydney,2026-06-04 03:31,,AD-11,SEA_SHIFT,2,N,N,N
D99689,Meta,Saudi Arabia,Asia/Riyadh,2026-06-04 04:32,2026-06-11 23:35,AD-09,IST_SHIFT,1,N,N,N
D42083,Google,Vietnam,Asia/Ho_Chi_Minh,2026-06-04 06:08,,AD-10,IST_SHIFT,3,N,N,N
D54196,Affiliate,Vietnam,Asia/Ho_Chi_Minh,2026-06-04 06:32,2026-06-11 10:25,AD-06,IST_SHIFT,2,Y,Y,N
D78443,Google,Australia,Australia/Sydney,2026-06-04 06:33,,AD-11,SEA_SHIFT,1,N,N,N
D21525,DSA,Australia,Australia/Sydney,2026-06-04 07:50,2026-06-05 11:50,AD-12,SEA_SHIFT,2,Y,Y,Y
D14392,Affiliate,UK,Europe/London,2026-06-04 08:30,,AD-05,US_SHIFT,1,N,N,N
D58010,Meta,Vietnam,Asia/Ho_Chi_Minh,2026-06-04 08:32,2026-06-04 23:26,AD-06,IST_SHIFT,2,N,N,N
D31163,Google,USA,America/New_York,2026-06-04 09:46,2026-06-13 22:38,AD-05,US_SHIFT,1,N,N,N
D14060,Meta,Vietnam,Asia/Ho_Chi_Minh,2026-06-04 09:56,2026-06-06 03:23,AD-08,IST_SHIFT,1,N,N,N
D84278,Referral,UAE,Asia/Dubai,2026-06-04 10:09,2026-06-06 06:06,AD-06,IST_SHIFT,1,N,N,N
D31565,Google,UAE,Asia/Dubai,2026-06-04 10:19,2026-06-04 20:10,AD-07,IST_SHIFT,3,Y,Y,N
D38208,Meta,UAE,Asia/Dubai,2026-06-04 10:41,2026-06-05 04:34,AD-10,IST_SHIFT,2,Y,Y,N
D63923,Organic,USA,America/New_York,2026-06-04 10:42,2026-06-06 03:36,AD-05,US_SHIFT,0,Y,Y,N
D54006,Google,UAE,Asia/Dubai,2026-06-04 10:43,,AD-10,IST_SHIFT,2,N,N,N
D48190,Google,USA,America/New_York,2026-06-04 10:57,2026-06-06 01:30,AD-01,US_SHIFT,2,Y,Y,N
D11755,Meta,USA,America/New_York,2026-06-04 11:04,2026-06-13 18:52,AD-03,US_SHIFT,1,N,N,N
D71803,Referral,Vietnam,Asia/Ho_Chi_Minh,2026-06-04 11:08,2026-06-06 10:20,AD-10,IST_SHIFT,1,Y,N,N
D76007,DSA,USA,America/New_York,2026-06-04 11:35,,AD-04,US_SHIFT,3,N,N,N
D69325,DSA,Vietnam,Asia/Ho_Chi_Minh,2026-06-04 12:14,2026-06-05 07:42,AD-10,IST_SHIFT,1,Y,Y,Y
D56985,DSA,Singapore,Asia/Singapore,2026-06-04 12:38,2026-06-04 22:20,AD-12,SEA_SHIFT,2,N,N,N
D77233,DSA,USA,America/New_York,2026-06-04 15:34,,AD-04,US_SHIFT,4,N,N,N
D28233,Meta,USA,America/New_York,2026-06-04 16:37,,AD-04,US_SHIFT,0,N,N,N
D77819,Organic,Saudi Arabia,Asia/Riyadh,2026-06-04 16:47,2026-06-12 16:16,AD-09,IST_SHIFT,1,N,N,N
D31459,Google,Australia,Australia/Sydney,2026-06-04 16:57,,AD-11,SEA_SHIFT,0,N,N,N
D18328,Meta,USA,America/New_York,2026-06-04 17:30,2026-06-10 13:01,AD-03,US_SHIFT,2,Y,N,N
D93696,Organic,USA,America/New_York,2026-06-04 18:07,2026-06-09 16:00,AD-02,US_SHIFT,4,Y,Y,N
D21271,Google,Vietnam,Asia/Ho_Chi_Minh,2026-06-04 20:11,,AD-08,IST_SHIFT,0,N,N,N
D87256,Meta,Vietnam,Asia/Ho_Chi_Minh,2026-06-04 21:29,,AD-08,IST_SHIFT,3,N,N,N
D54556,Meta,Australia,Australia/Sydney,2026-06-04 22:39,2026-06-06 10:41,AD-11,SEA_SHIFT,1,N,N,N
D17966,Meta,Saudi Arabia,Asia/Riyadh,2026-06-04 22:50,2026-06-05 22:39,AD-07,IST_SHIFT,1,N,N,N
D73326,Meta,India,Asia/Kolkata,2026-06-04 22:51,2026-06-06 19:37,AD-06,IST_SHIFT,1,Y,Y,N
D14644,Google,Saudi Arabia,Asia/Riyadh,2026-06-04 22:57,,AD-09,IST_SHIFT,2,N,N,N
D24200,DSA,UAE,Asia/Dubai,2026-06-05 00:49,2026-06-06 07:48,AD-10,IST_SHIFT,2,N,N,N
D10213,DSA,Australia,Australia/Sydney,2026-06-05 02:31,,AD-11,SEA_SHIFT,1,N,N,N
D94348,Organic,USA,America/New_York,2026-06-05 02:38,2026-06-09 05:51,AD-03,US_SHIFT,2,Y,Y,N
D21474,Organic,Saudi Arabia,Asia/Riyadh,2026-06-05 07:31,,AD-07,IST_SHIFT,1,N,N,N
D95364,Organic,USA,America/New_York,2026-06-05 08:26,2026-06-06 05:44,AD-04,US_SHIFT,2,N,N,N
D83852,Meta,Vietnam,Asia/Ho_Chi_Minh,2026-06-05 08:40,,AD-06,IST_SHIFT,1,N,N,N
D20446,Google,UK,Europe/London,2026-06-05 09:03,2026-06-06 02:22,AD-05,US_SHIFT,0,Y,Y,N
D25192,Organic,USA,America/New_York,2026-06-05 09:55,2026-06-06 14:44,AD-01,US_SHIFT,2,N,N,N
D48167,Google,USA,America/New_York,2026-06-05 11:31,2026-06-05 16:24,AD-03,US_SHIFT,0,Y,Y,N
D27444,Meta,USA,America/New_York,2026-06-05 12:10,2026-06-10 10:29,AD-04,US_SHIFT,1,N,N,N
D40768,Meta,India,Asia/Kolkata,2026-06-05 12:35,2026-06-05 17:07,AD-06,IST_SHIFT,1,Y,N,N
D80845,Meta,Saudi Arabia,Asia/Riyadh,2026-06-05 13:38,2026-06-06 03:14,AD-09,IST_SHIFT,1,Y,Y,N
D94678,DSA,India,Asia/Kolkata,2026-06-05 14:05,,AD-09,IST_SHIFT,0,N,N,N
D61371,Google,USA,America/New_York,2026-06-05 14:31,2026-06-10 12:24,AD-01,US_SHIFT,4,N,N,N
D16004,Google,Australia,Australia/Sydney,2026-06-05 15:46,2026-06-05 18:12,AD-11,SEA_SHIFT,2,N,N,N
D76764,Organic,UK,Europe/London,2026-06-05 16:33,2026-06-08 17:36,AD-01,US_SHIFT,1,Y,Y,N
D32539,Meta,Vietnam,Asia/Ho_Chi_Minh,2026-06-05 17:21,,AD-09,IST_SHIFT,2,N,N,N
D25935,DSA,UK,Europe/London,2026-06-05 17:26,2026-06-07 17:16,AD-02,US_SHIFT,4,Y,Y,N
D58936,Meta,USA,America/New_York,2026-06-05 17:36,,AD-03,US_SHIFT,2,N,N,N
D12056,Meta,India,Asia/Kolkata,2026-06-05 17:48,2026-06-06 00:11,AD-06,IST_SHIFT,3,Y,Y,N
D38783,Google,Vietnam,Asia/Ho_Chi_Minh,2026-06-05 19:43,,AD-10,IST_SHIFT,1,N,N,N
D95090,Google,USA,America/New_York,2026-06-05 19:59,2026-06-07 08:21,AD-03,US_SHIFT,0,Y,Y,N
D43070,Affiliate,Vietnam,Asia/Ho_Chi_Minh,2026-06-05 20:00,2026-06-06 02:32,AD-07,IST_SHIFT,1,Y,Y,N
D10414,Affiliate,USA,America/New_York,2026-06-05 20:19,2026-06-07 15:09,AD-04,US_SHIFT,2,Y,Y,Y
D51066,Meta,Vietnam,Asia/Ho_Chi_Minh,2026-06-05 20:19,2026-06-14 15:40,AD-08,IST_SHIFT,1,N,N,N
D67264,Google,UK,Europe/London,2026-06-05 21:25,,AD-01,US_SHIFT,4,N,N,N
D84860,Meta,UAE,Asia/Dubai,2026-06-05 21:42,2026-06-07 17:12,AD-07,IST_SHIFT,4,Y,Y,Y
D43733,Meta,UK,Europe/London,2026-06-05 21:57,,AD-02,US_SHIFT,2,N,N,N
D50702,Google,USA,America/New_York,2026-06-05 22:02,2026-06-12 01:48,AD-01,US_SHIFT,0,N,N,N
D31257,Meta,USA,America/New_York,2026-06-05 23:05,2026-06-07 13:40,AD-05,US_SHIFT,3,Y,Y,N
D69035,Google,USA,America/New_York,2026-06-05 23:37,2026-06-07 11:12,AD-04,US_SHIFT,3,Y,Y,N
D15486,Meta,USA,America/New_York,2026-06-05 23:48,2026-06-07 20:29,AD-05,US_SHIFT,2,Y,Y,N
D81730,DSA,UAE,Asia/Dubai,2026-06-06 00:52,,AD-07,IST_SHIFT,1,N,N,N
D60611,DSA,Saudi Arabia,Asia/Riyadh,2026-06-06 01:14,2026-06-08 01:08,AD-06,IST_SHIFT,1,Y,Y,N
D43482,Google,USA,America/New_York,2026-06-06 01:32,2026-06-06 06:04,AD-03,US_SHIFT,2,N,N,N
D77937,Organic,Australia,Australia/Sydney,2026-06-06 02:33,2026-06-07 23:11,AD-12,SEA_SHIFT,2,N,N,N
D87109,Meta,Vietnam,Asia/Ho_Chi_Minh,2026-06-06 03:00,,AD-09,IST_SHIFT,1,N,N,N
D48277,Meta,UAE,Asia/Dubai,2026-06-06 03:59,2026-06-07 22:39,AD-08,IST_SHIFT,4,N,N,N
D81161,Meta,UAE,Asia/Dubai,2026-06-06 04:22,,AD-06,IST_SHIFT,4,N,N,N
D58047,Meta,UAE,Asia/Dubai,2026-06-06 05:16,2026-06-06 17:32,AD-07,IST_SHIFT,3,N,N,N
D12874,Google,USA,America/New_York,2026-06-06 05:21,2026-06-12 12:22,AD-02,US_SHIFT,4,Y,N,N
D39837,Meta,Singapore,Asia/Singapore,2026-06-06 06:14,,AD-11,SEA_SHIFT,0,N,N,N
D66720,Meta,USA,America/New_York,2026-06-06 06:55,2026-06-06 11:30,AD-01,US_SHIFT,0,Y,Y,Y
D70966,Organic,USA,America/New_York,2026-06-06 07:21,2026-06-12 07:05,AD-03,US_SHIFT,4,N,N,N
D94809,Google,UAE,Asia/Dubai,2026-06-06 07:53,2026-06-07 22:44,AD-08,IST_SHIFT,0,N,N,N
D44804,Google,UAE,Asia/Dubai,2026-06-06 07:59,2026-06-07 05:31,AD-06,IST_SHIFT,0,Y,N,N
D79028,Google,UAE,Asia/Dubai,2026-06-06 08:29,,AD-08,IST_SHIFT,0,N,N,N
D39011,Google,UAE,Asia/Dubai,2026-06-06 10:24,2026-06-13 07:04,AD-06,IST_SHIFT,3,N,N,N
D35005,Organic,Vietnam,Asia/Ho_Chi_Minh,2026-06-06 10:25,,AD-08,IST_SHIFT,2,N,N,N
D72607,Meta,UAE,Asia/Dubai,2026-06-06 11:06,2026-06-14 13:49,AD-08,IST_SHIFT,3,Y,N,N
D70162,Meta,UAE,Asia/Dubai,2026-06-06 11:24,2026-06-11 13:18,AD-08,IST_SHIFT,1,Y,Y,N
D12858,Google,USA,America/New_York,2026-06-06 11:27,2026-06-09 21:25,AD-03,US_SHIFT,2,N,N,N
D80942,Organic,UAE,Asia/Dubai,2026-06-06 13:08,2026-06-07 14:57,AD-09,IST_SHIFT,1,Y,N,N
D65980,Meta,USA,America/New_York,2026-06-06 13:32,2026-06-08 01:28,AD-04,US_SHIFT,4,Y,Y,Y
D59201,DSA,India,Asia/Kolkata,2026-06-06 14:49,2026-06-13 20:08,AD-09,IST_SHIFT,0,Y,Y,N
D26711,Referral,India,Asia/Kolkata,2026-06-06 15:06,2026-06-08 09:33,AD-09,IST_SHIFT,4,Y,Y,N
D47424,Meta,Saudi Arabia,Asia/Riyadh,2026-06-06 16:45,2026-06-11 15:05,AD-06,IST_SHIFT,1,Y,Y,N
D33126,Meta,USA,America/New_York,2026-06-06 16:59,,AD-02,US_SHIFT,4,N,N,N
D64314,Meta,USA,America/New_York,2026-06-06 20:18,2026-06-08 01:41,AD-03,US_SHIFT,2,Y,Y,N
D49506,Google,UK,Europe/London,2026-06-06 20:36,2026-06-08 00:46,AD-05,US_SHIFT,2,Y,N,N
D28790,Meta,Saudi Arabia,Asia/Riyadh,2026-06-06 20:53,2026-06-15 03:12,AD-10,IST_SHIFT,4,N,N,N
D66544,DSA,USA,America/New_York,2026-06-06 20:57,2026-06-15 06:28,AD-04,US_SHIFT,1,N,N,N
D84401,Meta,UAE,Asia/Dubai,2026-06-06 21:20,2026-06-08 18:05,AD-09,IST_SHIFT,1,Y,Y,Y
D52953,Meta,UAE,Asia/Dubai,2026-06-06 21:56,,AD-09,IST_SHIFT,2,N,N,N
D90086,Meta,USA,America/New_York,2026-06-06 22:11,2026-06-07 12:32,AD-02,US_SHIFT,2,Y,N,N
D76046,Affiliate,Vietnam,Asia/Ho_Chi_Minh,2026-06-06 22:55,,AD-08,IST_SHIFT,0,N,N,N
D50879,Meta,USA,America/New_York,2026-06-06 23:26,,AD-01,US_SHIFT,2,N,N,N
D55555,Organic,UAE,Asia/Dubai,2026-06-06 23:35,2026-06-07 13:06,AD-07,IST_SHIFT,1,Y,Y,N
D98662,Organic,Singapore,Asia/Singapore,2026-06-06 23:52,2026-06-13 23:41,AD-12,SEA_SHIFT,2,N,N,N
D53498,Organic,Vietnam,Asia/Ho_Chi_Minh,2026-06-07 00:16,2026-06-07 06:48,AD-10,IST_SHIFT,2,Y,Y,Y
D81815,Google,India,Asia/Kolkata,2026-06-07 00:52,2026-06-08 19:17,AD-10,IST_SHIFT,3,N,N,N
D23958,Referral,UK,Europe/London,2026-06-07 01:22,2026-06-07 16:39,AD-01,US_SHIFT,4,N,N,N
D51290,Meta,Saudi Arabia,Asia/Riyadh,2026-06-07 02:25,,AD-08,IST_SHIFT,1,N,N,N
D47722,Meta,India,Asia/Kolkata,2026-06-07 04:35,2026-06-09 04:19,AD-10,IST_SHIFT,4,Y,Y,N
D74834,Affiliate,Vietnam,Asia/Ho_Chi_Minh,2026-06-07 05:40,,AD-08,IST_SHIFT,1,N,N,N
D34166,Meta,Saudi Arabia,Asia/Riyadh,2026-06-07 06:03,2026-06-07 08:17,AD-10,IST_SHIFT,4,Y,Y,N
D79679,Meta,Saudi Arabia,Asia/Riyadh,2026-06-07 08:00,2026-06-08 07:35,AD-10,IST_SHIFT,2,Y,Y,N
D80205,Meta,USA,America/New_York,2026-06-07 08:03,2026-06-12 07:43,AD-04,US_SHIFT,1,N,N,N
D18081,Referral,UK,Europe/London,2026-06-07 08:06,,AD-01,US_SHIFT,2,N,N,N
D19673,Meta,India,Asia/Kolkata,2026-06-07 08:32,,AD-09,IST_SHIFT,2,N,N,N
D65228,Meta,Singapore,Asia/Singapore,2026-06-07 08:40,2026-06-08 16:57,AD-11,SEA_SHIFT,3,Y,Y,N
D78908,Affiliate,Saudi Arabia,Asia/Riyadh,2026-06-07 09:23,,AD-07,IST_SHIFT,4,N,N,N
D23993,Organic,Singapore,Asia/Singapore,2026-06-07 09:39,,AD-12,SEA_SHIFT,2,N,N,N
D94326,Meta,Vietnam,Asia/Ho_Chi_Minh,2026-06-07 09:59,2026-06-08 23:04,AD-09,IST_SHIFT,1,Y,Y,N
D59819,Meta,India,Asia/Kolkata,2026-06-07 10:01,2026-06-08 03:06,AD-07,IST_SHIFT,4,Y,N,N
D92519,DSA,USA,America/New_York,2026-06-07 11:09,2026-06-14 23:55,AD-04,US_SHIFT,1,N,N,N
D46886,Meta,USA,America/New_York,2026-06-07 11:15,,AD-03,US_SHIFT,4,N,N,N
D18708,Meta,USA,America/New_York,2026-06-07 12:21,,AD-04,US_SHIFT,2,N,N,N
D59788,Google,Australia,Australia/Sydney,2026-06-07 12:54,2026-06-13 14:57,AD-12,SEA_SHIFT,4,Y,N,N
D94054,Meta,Australia,Australia/Sydney,2026-06-07 13:01,2026-06-09 12:24,AD-11,SEA_SHIFT,0,Y,Y,N
D32595,Meta,Vietnam,Asia/Ho_Chi_Minh,2026-06-07 14:10,,AD-07,IST_SHIFT,1,N,N,N
D52441,Affiliate,Vietnam,Asia/Ho_Chi_Minh,2026-06-07 14:27,2026-06-07 22:28,AD-08,IST_SHIFT,4,Y,N,N
D50015,Meta,USA,America/New_York,2026-06-07 16:08,2026-06-09 09:55,AD-03,US_SHIFT,2,Y,Y,N
D84700,Meta,USA,America/New_York,2026-06-07 17:12,2026-06-07 18:46,AD-01,US_SHIFT,0,Y,Y,N
D56748,DSA,Saudi Arabia,Asia/Riyadh,2026-06-07 17:34,2026-06-08 11:37,AD-08,IST_SHIFT,1,Y,Y,Y
D16074,Google,USA,America/New_York,2026-06-07 18:24,2026-06-08 18:35,AD-01,US_SHIFT,2,Y,Y,N
D49124,Meta,USA,America/New_York,2026-06-07 18:41,2026-06-09 02:24,AD-03,US_SHIFT,2,N,N,N
D98288,Google,India,Asia/Kolkata,2026-06-07 19:31,2026-06-14 19:41,AD-07,IST_SHIFT,2,N,N,N
D11434,Referral,UK,Europe/London,2026-06-07 20:16,2026-06-09 15:42,AD-05,US_SHIFT,1,N,N,N
D55413,Meta,India,Asia/Kolkata,2026-06-07 22:16,2026-06-12 17:04,AD-09,IST_SHIFT,1,Y,Y,Y
D44567,Referral,USA,America/New_York,2026-06-08 00:31,2026-06-09 01:17,AD-02,US_SHIFT,3,Y,Y,N
D94228,DSA,India,Asia/Kolkata,2026-06-08 00:46,2026-06-13 22:37,AD-09,IST_SHIFT,3,Y,Y,N
D90721,Google,Saudi Arabia,Asia/Riyadh,2026-06-08 01:18,2026-06-10 02:22,AD-09,IST_SHIFT,4,N,N,N
D25118,Meta,USA,America/New_York,2026-06-08 01:35,2026-06-16 11:39,AD-05,US_SHIFT,2,N,N,N
D76478,Meta,Australia,Australia/Sydney,2026-06-08 02:46,2026-06-09 17:55,AD-11,SEA_SHIFT,3,Y,N,N
D18926,Affiliate,Vietnam,Asia/Ho_Chi_Minh,2026-06-08 03:45,2026-06-17 17:20,AD-06,IST_SHIFT,2,Y,Y,N
D11247,Meta,Saudi Arabia,Asia/Riyadh,2026-06-08 03:53,,AD-09,IST_SHIFT,4,N,N,N
D55269,DSA,India,Asia/Kolkata,2026-06-08 04:38,2026-06-10 08:56,AD-08,IST_SHIFT,1,Y,Y,N
D77916,Meta,USA,America/New_York,2026-06-08 04:59,2026-06-08 22:11,AD-05,US_SHIFT,2,Y,Y,Y
D70743,Meta,Vietnam,Asia/Ho_Chi_Minh,2026-06-08 05:35,,AD-10,IST_SHIFT,1,N,N,N
D73405,Organic,Saudi Arabia,Asia/Riyadh,2026-06-08 07:01,,AD-06,IST_SHIFT,1,N,N,N
D63635,Meta,India,Asia/Kolkata,2026-06-08 07:12,2026-06-10 06:22,AD-06,IST_SHIFT,0,N,N,N
D71720,Referral,UK,Europe/London,2026-06-08 07:15,,AD-01,US_SHIFT,2,N,N,N
D48984,Google,UAE,Asia/Dubai,2026-06-08 07:46,2026-06-12 05:27,AD-09,IST_SHIFT,2,N,N,N
D99652,Meta,Vietnam,Asia/Ho_Chi_Minh,2026-06-08 07:53,,AD-08,IST_SHIFT,2,N,N,N
D59534,DSA,USA,America/New_York,2026-06-08 08:20,2026-06-12 08:12,AD-05,US_SHIFT,2,Y,Y,Y
D90902,Referral,USA,America/New_York,2026-06-08 08:28,2026-06-08 16:32,AD-04,US_SHIFT,2,Y,Y,N
D98551,Meta,India,Asia/Kolkata,2026-06-08 09:00,2026-06-09 04:26,AD-07,IST_SHIFT,0,Y,Y,Y
D32628,Google,USA,America/New_York,2026-06-08 09:40,2026-06-08 20:07,AD-05,US_SHIFT,4,Y,Y,N
D17792,Meta,Vietnam,Asia/Ho_Chi_Minh,2026-06-08 09:48,2026-06-14 08:49,AD-08,IST_SHIFT,1,N,N,N
D20045,Affiliate,Saudi Arabia,Asia/Riyadh,2026-06-08 10:12,,AD-10,IST_SHIFT,1,N,N,N
D46052,Google,Saudi Arabia,Asia/Riyadh,2026-06-08 11:42,2026-06-10 07:07,AD-06,IST_SHIFT,0,Y,Y,N
D49945,Affiliate,Vietnam,Asia/Ho_Chi_Minh,2026-06-08 11:46,2026-06-15 01:01,AD-09,IST_SHIFT,0,Y,N,N
D91123,Google,Australia,Australia/Sydney,2026-06-08 11:48,,AD-12,SEA_SHIFT,2,N,N,N
D99992,Meta,Vietnam,Asia/Ho_Chi_Minh,2026-06-08 11:59,2026-06-09 12:21,AD-10,IST_SHIFT,0,Y,Y,N
D86727,Meta,USA,America/New_York,2026-06-08 12:56,2026-06-10 03:52,AD-04,US_SHIFT,2,Y,Y,N
D11515,Google,UAE,Asia/Dubai,2026-06-08 14:21,,AD-10,IST_SHIFT,1,N,N,N
D29601,Meta,Australia,Australia/Sydney,2026-06-08 14:26,2026-06-08 21:45,AD-11,SEA_SHIFT,2,Y,N,N
D59002,Meta,Singapore,Asia/Singapore,2026-06-08 14:49,2026-06-13 05:24,AD-11,SEA_SHIFT,2,N,N,N
D24111,Meta,India,Asia/Kolkata,2026-06-08 15:46,2026-06-09 22:38,AD-10,IST_SHIFT,2,N,N,N
D56648,Meta,USA,America/New_York,2026-06-08 15:51,,AD-02,US_SHIFT,2,N,N,N
D33505,Google,Saudi Arabia,Asia/Riyadh,2026-06-08 16:30,,AD-10,IST_SHIFT,3,N,N,N
D52450,Meta,USA,America/New_York,2026-06-08 19:25,2026-06-08 21:41,AD-04,US_SHIFT,2,N,N,N
D39185,Affiliate,USA,America/New_York,2026-06-08 19:39,2026-06-10 18:54,AD-03,US_SHIFT,0,N,N,N
D33769,Referral,USA,America/New_York,2026-06-08 19:43,2026-06-10 03:51,AD-01,US_SHIFT,2,Y,Y,Y
D74908,DSA,UAE,Asia/Dubai,2026-06-08 20:46,2026-06-16 04:11,AD-07,IST_SHIFT,2,Y,N,N
D91437,Meta,Saudi Arabia,Asia/Riyadh,2026-06-08 21:15,2026-06-09 23:51,AD-10,IST_SHIFT,1,Y,Y,Y
D20805,Meta,India,Asia/Kolkata,2026-06-08 21:24,2026-06-09 20:21,AD-10,IST_SHIFT,2,Y,Y,N
D20889,Google,UK,Europe/London,2026-06-08 21:44,2026-06-09 04:41,AD-05,US_SHIFT,2,Y,Y,N
D81509,Google,UK,Europe/London,2026-06-08 21:57,,AD-04,US_SHIFT,4,N,N,N
D32152,Meta,USA,America/New_York,2026-06-08 23:02,2026-06-09 18:13,AD-04,US_SHIFT,0,Y,Y,N
D15694,Google,USA,America/New_York,2026-06-09 00:52,2026-06-10 11:05,AD-05,US_SHIFT,1,N,N,N
D18310,Meta,USA,America/New_York,2026-06-09 01:12,,AD-05,US_SHIFT,0,N,N,N
D46275,Meta,USA,America/New_York,2026-06-09 02:03,,AD-03,US_SHIFT,0,N,N,N
D48804,Meta,Vietnam,Asia/Ho_Chi_Minh,2026-06-09 03:14,2026-06-09 05:14,AD-09,IST_SHIFT,2,N,N,N
D37597,Meta,USA,America/New_York,2026-06-09 03:28,2026-06-11 13:46,AD-02,US_SHIFT,2,N,N,N
D87478,Affiliate,India,Asia/Kolkata,2026-06-09 04:32,2026-06-09 22:51,AD-10,IST_SHIFT,1,Y,N,N
D69132,Meta,USA,America/New_York,2026-06-09 09:02,2026-06-15 22:15,AD-01,US_SHIFT,1,N,N,N
D88700,Meta,Vietnam,Asia/Ho_Chi_Minh,2026-06-09 09:24,2026-06-13 10:24,AD-10,IST_SHIFT,0,N,N,N
D76657,Meta,Singapore,Asia/Singapore,2026-06-09 10:50,,AD-12,SEA_SHIFT,1,N,N,N
D92823,Meta,Australia,Australia/Sydney,2026-06-09 11:08,2026-06-10 18:34,AD-11,SEA_SHIFT,4,Y,Y,N
D41407,DSA,USA,America/New_York,2026-06-09 11:58,2026-06-10 08:36,AD-04,US_SHIFT,2,Y,Y,N
D34237,Meta,UK,Europe/London,2026-06-09 12:49,,AD-01,US_SHIFT,2,N,N,N
D25425,Google,Vietnam,Asia/Ho_Chi_Minh,2026-06-09 13:39,2026-06-14 14:33,AD-06,IST_SHIFT,2,N,N,N
D38081,Referral,USA,America/New_York,2026-06-09 13:52,,AD-04,US_SHIFT,1,N,N,N
D86762,Meta,UK,Europe/London,2026-06-09 14:01,2026-06-16 18:32,AD-01,US_SHIFT,0,Y,Y,Y
D70480,Meta,India,Asia/Kolkata,2026-06-09 14:02,,AD-10,IST_SHIFT,3,N,N,N
D42533,Organic,USA,America/New_York,2026-06-09 14:28,2026-06-10 13:54,AD-04,US_SHIFT,2,N,N,N
D86170,DSA,USA,America/New_York,2026-06-09 15:12,2026-06-10 21:22,AD-05,US_SHIFT,0,N,N,N
D60210,DSA,USA,America/New_York,2026-06-09 15:20,2026-06-10 01:38,AD-03,US_SHIFT,1,Y,Y,N
D74728,Meta,UK,Europe/London,2026-06-09 15:25,2026-06-18 11:03,AD-03,US_SHIFT,3,N,N,N
D33892,Affiliate,India,Asia/Kolkata,2026-06-09 16:02,2026-06-11 13:35,AD-10,IST_SHIFT,1,Y,Y,N
D40954,Meta,Singapore,Asia/Singapore,2026-06-09 16:05,2026-06-11 05:01,AD-12,SEA_SHIFT,1,Y,Y,N
D66887,DSA,Australia,Australia/Sydney,2026-06-09 18:47,2026-06-15 22:14,AD-11,SEA_SHIFT,2,Y,Y,N
D48592,Google,Saudi Arabia,Asia/Riyadh,2026-06-09 18:53,2026-06-11 07:01,AD-06,IST_SHIFT,3,Y,N,N
D23411,Affiliate,UK,Europe/London,2026-06-09 19:00,,AD-03,US_SHIFT,2,N,N,N
D84263,Organic,Saudi Arabia,Asia/Riyadh,2026-06-09 19:01,2026-06-11 18:48,AD-10,IST_SHIFT,4,Y,Y,N
D83563,Meta,Australia,Australia/Sydney,2026-06-09 19:46,2026-06-16 07:53,AD-11,SEA_SHIFT,1,N,N,N
D32227,Organic,Vietnam,Asia/Ho_Chi_Minh,2026-06-09 19:47,2026-06-11 17:48,AD-06,IST_SHIFT,2,N,N,N
D34288,Affiliate,UAE,Asia/Dubai,2026-06-09 19:59,2026-06-11 14:09,AD-08,IST_SHIFT,1,Y,Y,N
D48250,Meta,UK,Europe/London,2026-06-09 20:57,2026-06-14 03:27,AD-05,US_SHIFT,2,N,N,N
D31690,Referral,USA,America/New_York,2026-06-09 21:25,2026-06-19 02:41,AD-04,US_SHIFT,0,N,N,N
D25013,Google,USA,America/New_York,2026-06-09 22:24,,AD-04,US_SHIFT,2,N,N,N
D12576,Meta,UK,Europe/London,2026-06-09 23:21,2026-06-17 23:59,AD-02,US_SHIFT,1,N,N,N
D69666,Meta,USA,America/New_York,2026-06-09 23:39,2026-06-11 01:40,AD-05,US_SHIFT,0,N,N,N
D18562,Organic,Vietnam,Asia/Ho_Chi_Minh,2026-06-10 00:57,2026-06-10 19:28,AD-09,IST_SHIFT,4,Y,Y,Y
D26241,Meta,Vietnam,Asia/Ho_Chi_Minh,2026-06-10 01:57,2026-06-10 10:09,AD-09,IST_SHIFT,2,Y,Y,N
D82896,Affiliate,USA,America/New_York,2026-06-10 02:16,2026-06-11 02:14,AD-04,US_SHIFT,2,Y,Y,N
D50748,Meta,Australia,Australia/Sydney,2026-06-10 02:42,,AD-11,SEA_SHIFT,1,N,N,N
D15848,Google,Saudi Arabia,Asia/Riyadh,2026-06-10 02:46,2026-06-10 09:17,AD-09,IST_SHIFT,1,Y,N,N
D58632,Meta,India,Asia/Kolkata,2026-06-10 03:08,2026-06-11 07:11,AD-09,IST_SHIFT,4,Y,Y,N
D52445,Meta,Vietnam,Asia/Ho_Chi_Minh,2026-06-10 03:20,2026-06-15 03:15,AD-06,IST_SHIFT,2,Y,Y,N
D73279,Google,Singapore,Asia/Singapore,2026-06-10 03:23,,AD-12,SEA_SHIFT,1,N,N,N
D74164,Meta,Singapore,Asia/Singapore,2026-06-10 04:09,2026-06-12 15:41,AD-11,SEA_SHIFT,0,N,N,N
D19536,Google,UK,Europe/London,2026-06-10 05:46,2026-06-11 09:29,AD-05,US_SHIFT,4,Y,Y,N
D16347,Referral,UAE,Asia/Dubai,2026-06-10 06:46,2026-06-17 20:35,AD-08,IST_SHIFT,2,N,N,N
D36381,Meta,UAE,Asia/Dubai,2026-06-10 07:10,2026-06-11 20:27,AD-10,IST_SHIFT,2,Y,Y,N
D17173,Organic,USA,America/New_York,2026-06-10 07:40,2026-06-19 03:51,AD-03,US_SHIFT,2,Y,Y,N
D34868,Meta,UAE,Asia/Dubai,2026-06-10 07:54,2026-06-11 00:46,AD-07,IST_SHIFT,3,Y,Y,N
D47923,Affiliate,India,Asia/Kolkata,2026-06-10 08:29,,AD-09,IST_SHIFT,4,N,N,N
D70216,Meta,UK,Europe/London,2026-06-10 08:32,,AD-03,US_SHIFT,0,N,N,N
D87435,Meta,Vietnam,Asia/Ho_Chi_Minh,2026-06-10 08:48,2026-06-12 02:16,AD-07,IST_SHIFT,3,Y,Y,N
D77653,Google,Saudi Arabia,Asia/Riyadh,2026-06-10 09:43,2026-06-15 19:18,AD-08,IST_SHIFT,3,N,N,N
D74372,Organic,UAE,Asia/Dubai,2026-06-10 10:51,2026-06-10 17:28,AD-07,IST_SHIFT,4,Y,Y,N
D46854,Affiliate,UK,Europe/London,2026-06-10 11:07,2026-06-12 03:44,AD-05,US_SHIFT,1,N,N,N
D48139,Organic,USA,America/New_York,2026-06-10 11:33,2026-06-19 01:19,AD-02,US_SHIFT,3,Y,N,N
D22865,Meta,USA,America/New_York,2026-06-10 12:57,2026-06-10 23:32,AD-02,US_SHIFT,1,N,N,N
D45443,Meta,India,Asia/Kolkata,2026-06-10 14:25,,AD-06,IST_SHIFT,4,N,N,N
D73310,Meta,USA,America/New_York,2026-06-10 14:32,,AD-02,US_SHIFT,4,N,N,N
D32448,DSA,USA,America/New_York,2026-06-10 15:13,2026-06-12 12:23,AD-03,US_SHIFT,1,Y,Y,N
D62370,Meta,Singapore,Asia/Singapore,2026-06-10 15:14,,AD-11,SEA_SHIFT,1,N,N,N
D63258,Google,Vietnam,Asia/Ho_Chi_Minh,2026-06-10 15:36,,AD-06,IST_SHIFT,2,N,N,N
D34996,Organic,UK,Europe/London,2026-06-10 16:14,2026-06-11 16:08,AD-01,US_SHIFT,1,Y,Y,N
D16162,Google,USA,America/New_York,2026-06-10 16:53,2026-06-15 14:32,AD-04,US_SHIFT,1,Y,N,N
D72173,DSA,UAE,Asia/Dubai,2026-06-10 21:41,2026-06-11 07:53,AD-09,IST_SHIFT,1,Y,Y,N
D72048,Google,USA,America/New_York,2026-06-10 23:24,,AD-05,US_SHIFT,3,N,N,N
D56982,DSA,USA,America/New_York,2026-06-10 23:56,2026-06-11 04:21,AD-02,US_SHIFT,4,Y,Y,N
D71266,Google,UK,Europe/London,2026-06-11 00:00,2026-06-12 15:19,AD-01,US_SHIFT,2,N,N,N
D57546,Meta,USA,America/New_York,2026-06-11 00:28,2026-06-12 05:36,AD-01,US_SHIFT,0,N,N,N
D10782,Meta,Australia,Australia/Sydney,2026-06-11 02:35,2026-06-12 15:07,AD-11,SEA_SHIFT,3,Y,Y,N
D12039,Meta,Vietnam,Asia/Ho_Chi_Minh,2026-06-11 02:41,2026-06-12 08:19,AD-10,IST_SHIFT,2,Y,Y,N
D32559,Meta,USA,America/New_York,2026-06-11 02:46,2026-06-16 07:20,AD-02,US_SHIFT,2,N,N,N
D99121,Google,India,Asia/Kolkata,2026-06-11 03:41,2026-06-12 06:53,AD-08,IST_SHIFT,3,Y,Y,N
D61451,Meta,USA,America/New_York,2026-06-11 04:06,2026-06-12 02:54,AD-04,US_SHIFT,1,Y,Y,N
D24602,Google,Saudi Arabia,Asia/Riyadh,2026-06-11 04:43,2026-06-11 23:47,AD-09,IST_SHIFT,4,N,N,N
D91178,Meta,Vietnam,Asia/Ho_Chi_Minh,2026-06-11 05:44,2026-06-20 10:00,AD-06,IST_SHIFT,1,Y,Y,Y
D54308,Meta,UAE,Asia/Dubai,2026-06-11 06:05,2026-06-13 01:37,AD-07,IST_SHIFT,2,Y,Y,N
D40512,Referral,UK,Europe/London,2026-06-11 06:36,2026-06-13 02:29,AD-04,US_SHIFT,2,N,N,N
D95945,Google,Vietnam,Asia/Ho_Chi_Minh,2026-06-11 06:49,,AD-06,IST_SHIFT,4,N,N,N
D69600,Meta,Singapore,Asia/Singapore,2026-06-11 07:16,2026-06-16 02:41,AD-11,SEA_SHIFT,1,N,N,N
D59859,Organic,USA,America/New_York,2026-06-11 07:39,2026-06-15 07:46,AD-05,US_SHIFT,0,Y,Y,N
D79968,Google,USA,America/New_York,2026-06-11 10:30,2026-06-17 08:13,AD-05,US_SHIFT,1,Y,Y,N
D28744,Google,UAE,Asia/Dubai,2026-06-11 10:41,2026-06-13 09:34,AD-08,IST_SHIFT,1,N,N,N
D45109,Google,Vietnam,Asia/Ho_Chi_Minh,2026-06-11 10:49,,AD-09,IST_SHIFT,1,N,N,N
D93259,DSA,Singapore,Asia/Singapore,2026-06-11 12:44,2026-06-17 13:27,AD-11,SEA_SHIFT,1,N,N,N
D75774,Meta,USA,America/New_York,2026-06-11 12:46,2026-06-14 09:24,AD-02,US_SHIFT,2,N,N,N
D63827,Meta,USA,America/New_York,2026-06-11 12:56,2026-06-12 23:20,AD-02,US_SHIFT,1,Y,N,N
D38726,Meta,USA,America/New_York,2026-06-11 13:14,2026-06-15 13:26,AD-03,US_SHIFT,2,N,N,N
D10389,Meta,USA,America/New_York,2026-06-11 14:07,,AD-01,US_SHIFT,2,N,N,N
D11178,Referral,USA,America/New_York,2026-06-11 14:14,,AD-03,US_SHIFT,3,N,N,N
D63801,Meta,USA,America/New_York,2026-06-11 14:50,2026-06-11 18:37,AD-01,US_SHIFT,0,Y,Y,N
D40945,Google,UAE,Asia/Dubai,2026-06-11 15:16,,AD-07,IST_SHIFT,2,N,N,N
D97677,Organic,USA,America/New_York,2026-06-11 15:22,2026-06-12 18:08,AD-04,US_SHIFT,1,Y,Y,N
D38813,Organic,Australia,Australia/Sydney,2026-06-11 16:35,2026-06-12 01:22,AD-11,SEA_SHIFT,0,Y,Y,N
D85391,Meta,UK,Europe/London,2026-06-11 17:38,2026-06-13 03:50,AD-05,US_SHIFT,0,Y,Y,Y
D58441,Referral,UK,Europe/London,2026-06-11 17:49,,AD-03,US_SHIFT,4,N,N,N
D66896,Organic,India,Asia/Kolkata,2026-06-11 18:12,2026-06-12 02:57,AD-08,IST_SHIFT,3,N,N,N
D21890,Meta,Australia,Australia/Sydney,2026-06-11 18:22,2026-06-17 18:21,AD-12,SEA_SHIFT,2,N,N,N
D78010,Affiliate,Vietnam,Asia/Ho_Chi_Minh,2026-06-11 19:38,2026-06-13 06:53,AD-09,IST_SHIFT,2,Y,Y,N
D20464,Google,UAE,Asia/Dubai,2026-06-11 20:32,2026-06-12 18:08,AD-07,IST_SHIFT,1,N,N,N
D98202,Meta,UAE,Asia/Dubai,2026-06-11 23:01,,AD-07,IST_SHIFT,4,N,N,N
D44584,DSA,USA,America/New_York,2026-06-11 23:07,2026-06-13 04:35,AD-01,US_SHIFT,0,Y,N,N
D52356,Google,USA,America/New_York,2026-06-11 23:36,2026-06-12 02:41,AD-05,US_SHIFT,1,N,N,N
D19332,Organic,USA,America/New_York,2026-06-12 00:23,2026-06-12 11:09,AD-03,US_SHIFT,1,Y,N,N
D22884,DSA,USA,America/New_York,2026-06-12 00:41,2026-06-12 20:00,AD-05,US_SHIFT,2,Y,Y,Y
D37756,Meta,USA,America/New_York,2026-06-12 01:01,2026-06-12 11:12,AD-02,US_SHIFT,2,Y,Y,N
D28734,DSA,India,Asia/Kolkata,2026-06-12 01:18,2026-06-12 08:48,AD-09,IST_SHIFT,0,Y,Y,N
D17004,Meta,USA,America/New_York,2026-06-12 01:48,2026-06-14 00:49,AD-05,US_SHIFT,4,N,N,N
D35332,Meta,Vietnam,Asia/Ho_Chi_Minh,2026-06-12 02:54,2026-06-18 17:14,AD-10,IST_SHIFT,2,N,N,N
D47703,Meta,USA,America/New_York,2026-06-12 03:03,2026-06-17 01:59,AD-03,US_SHIFT,2,Y,Y,N
D92467,Google,UAE,Asia/Dubai,2026-06-12 03:06,2026-06-12 10:24,AD-07,IST_SHIFT,2,Y,N,N
D17835,DSA,USA,America/New_York,2026-06-12 03:28,2026-06-12 18:47,AD-04,US_SHIFT,0,N,N,N
D12691,DSA,UK,Europe/London,2026-06-12 03:40,2026-06-19 22:37,AD-05,US_SHIFT,2,N,N,N
D55462,Google,UAE,Asia/Dubai,2026-06-12 04:38,2026-06-20 12:13,AD-10,IST_SHIFT,2,Y,Y,N
D75470,Google,India,Asia/Kolkata,2026-06-12 04:55,2026-06-13 12:07,AD-09,IST_SHIFT,2,N,N,N
D45630,DSA,USA,America/New_York,2026-06-12 05:28,2026-06-18 14:44,AD-02,US_SHIFT,0,N,N,N
D84670,Google,India,Asia/Kolkata,2026-06-12 06:01,2026-06-18 12:52,AD-06,IST_SHIFT,3,N,N,N
D72880,Google,UAE,Asia/Dubai,2026-06-12 07:00,,AD-08,IST_SHIFT,2,N,N,N
D11917,Meta,USA,America/New_York,2026-06-12 07:32,,AD-02,US_SHIFT,1,N,N,N
D28219,Meta,USA,America/New_York,2026-06-12 07:56,,AD-03,US_SHIFT,1,N,N,N
D15648,Meta,Vietnam,Asia/Ho_Chi_Minh,2026-06-12 09:08,2026-06-17 13:17,AD-06,IST_SHIFT,4,Y,Y,N
D83149,Google,Australia,Australia/Sydney,2026-06-12 09:19,2026-06-16 09:04,AD-11,SEA_SHIFT,1,Y,Y,N
D25702,Meta,Vietnam,Asia/Ho_Chi_Minh,2026-06-12 10:05,2026-06-15 01:51,AD-06,IST_SHIFT,1,N,N,N
D29342,DSA,USA,America/New_York,2026-06-12 11:01,2026-06-14 10:59,AD-02,US_SHIFT,0,N,N,N
D50874,Google,UK,Europe/London,2026-06-12 11:25,,AD-02,US_SHIFT,2,N,N,N
D78858,DSA,India,Asia/Kolkata,2026-06-12 11:25,2026-06-16 11:54,AD-10,IST_SHIFT,4,N,N,N
D79901,Referral,Singapore,Asia/Singapore,2026-06-12 11:58,2026-06-12 15:18,AD-11,SEA_SHIFT,3,Y,Y,N
D76383,Meta,Australia,Australia/Sydney,2026-06-12 12:12,2026-06-14 07:21,AD-11,SEA_SHIFT,2,Y,Y,N
D25340,Google,India,Asia/Kolkata,2026-06-12 14:21,2026-06-14 00:18,AD-08,IST_SHIFT,1,N,N,N
D38455,DSA,Vietnam,Asia/Ho_Chi_Minh,2026-06-12 14:59,2026-06-13 10:06,AD-08,IST_SHIFT,2,N,N,N
D43353,Meta,India,Asia/Kolkata,2026-06-12 16:15,2026-06-13 07:59,AD-08,IST_SHIFT,0,N,N,N
D81305,Affiliate,India,Asia/Kolkata,2026-06-12 16:50,2026-06-14 10:26,AD-07,IST_SHIFT,3,Y,Y,N
D56243,DSA,UK,Europe/London,2026-06-12 17:06,,AD-02,US_SHIFT,2,N,N,N
D28487,Organic,Saudi Arabia,Asia/Riyadh,2026-06-12 17:30,2026-06-12 18:45,AD-10,IST_SHIFT,4,Y,Y,N
D95070,Meta,India,Asia/Kolkata,2026-06-12 18:45,2026-06-19 04:00,AD-10,IST_SHIFT,3,N,N,N
D24444,Meta,Vietnam,Asia/Ho_Chi_Minh,2026-06-12 18:47,2026-06-17 17:59,AD-10,IST_SHIFT,2,Y,N,N
D53461,Meta,USA,America/New_York,2026-06-12 19:23,,AD-04,US_SHIFT,3,N,N,N
D89617,Meta,India,Asia/Kolkata,2026-06-12 19:59,,AD-10,IST_SHIFT,1,N,N,N
D94617,Affiliate,UAE,Asia/Dubai,2026-06-12 21:45,2026-06-13 06:11,AD-08,IST_SHIFT,4,Y,Y,Y
D85395,Meta,USA,America/New_York,2026-06-12 23:14,,AD-03,US_SHIFT,0,N,N,N
D40543,Meta,Saudi Arabia,Asia/Riyadh,2026-06-13 00:55,2026-06-13 06:51,AD-10,IST_SHIFT,0,N,N,N
D66914,Affiliate,UK,Europe/London,2026-06-13 02:40,2026-06-14 13:58,AD-04,US_SHIFT,1,N,N,N
D49272,Google,Vietnam,Asia/Ho_Chi_Minh,2026-06-13 03:32,2026-06-20 08:28,AD-08,IST_SHIFT,0,Y,Y,N
D74197,Meta,Saudi Arabia,Asia/Riyadh,2026-06-13 04:15,2026-06-13 16:40,AD-06,IST_SHIFT,2,Y,Y,N
D55063,Affiliate,USA,America/New_York,2026-06-13 05:24,,AD-03,US_SHIFT,1,N,N,N
D68709,Meta,Singapore,Asia/Singapore,2026-06-13 05:38,2026-06-14 09:12,AD-12,SEA_SHIFT,4,N,N,N
D72437,Meta,Saudi Arabia,Asia/Riyadh,2026-06-13 06:11,2026-06-14 17:26,AD-09,IST_SHIFT,2,Y,Y,N
D77752,Affiliate,Singapore,Asia/Singapore,2026-06-13 06:45,,AD-11,SEA_SHIFT,1,N,N,N
D48336,DSA,USA,America/New_York,2026-06-13 07:05,,AD-04,US_SHIFT,4,N,N,N
D58304,DSA,India,Asia/Kolkata,2026-06-13 07:59,,AD-07,IST_SHIFT,3,N,N,N
D48856,Google,USA,America/New_York,2026-06-13 10:35,2026-06-17 02:25,AD-05,US_SHIFT,4,Y,Y,N
D56902,Google,Singapore,Asia/Singapore,2026-06-13 10:57,2026-06-17 17:45,AD-11,SEA_SHIFT,2,Y,N,N
D83750,Meta,Singapore,Asia/Singapore,2026-06-13 11:03,,AD-12,SEA_SHIFT,2,N,N,N
D56212,Meta,USA,America/New_York,2026-06-13 12:20,2026-06-14 04:34,AD-03,US_SHIFT,3,Y,Y,N
D67321,Google,UK,Europe/London,2026-06-13 12:53,2026-06-15 11:33,AD-03,US_SHIFT,1,Y,N,N
D31169,Meta,Vietnam,Asia/Ho_Chi_Minh,2026-06-13 16:04,2026-06-13 20:45,AD-08,IST_SHIFT,3,Y,Y,N
D36314,Meta,Australia,Australia/Sydney,2026-06-13 16:16,,AD-12,SEA_SHIFT,1,N,N,N
D58030,Referral,UAE,Asia/Dubai,2026-06-13 16:25,,AD-06,IST_SHIFT,2,N,N,N
D83231,Google,Singapore,Asia/Singapore,2026-06-13 17:01,,AD-11,SEA_SHIFT,0,N,N,N
D58310,Meta,India,Asia/Kolkata,2026-06-13 17:36,2026-06-22 15:59,AD-06,IST_SHIFT,1,N,N,N
D85713,Affiliate,India,Asia/Kolkata,2026-06-13 19:05,2026-06-23 06:56,AD-06,IST_SHIFT,1,N,N,N
D54158,Meta,UAE,Asia/Dubai,2026-06-13 20:30,,AD-06,IST_SHIFT,4,N,N,N
D54276,Meta,USA,America/New_York,2026-06-13 21:28,,AD-04,US_SHIFT,2,N,N,N
D48237,Meta,USA,America/New_York,2026-06-13 21:45,,AD-05,US_SHIFT,1,N,N,N
D41395,Meta,Vietnam,Asia/Ho_Chi_Minh,2026-06-13 22:30,,AD-10,IST_SHIFT,4,N,N,N
D14732,Google,USA,America/New_York,2026-06-14 00:03,,AD-03,US_SHIFT,3,N,N,N
D34358,Referral,India,Asia/Kolkata,2026-06-14 00:26,,AD-07,IST_SHIFT,0,N,N,N
D41519,Organic,Australia,Australia/Sydney,2026-06-14 00:58,,AD-11,SEA_SHIFT,1,N,N,N
D79273,Google,Singapore,Asia/Singapore,2026-06-14 01:15,2026-06-15 23:17,AD-12,SEA_SHIFT,2,N,N,N
D46349,Meta,USA,America/New_York,2026-06-14 01:40,,AD-03,US_SHIFT,4,N,N,N
D69230,DSA,Australia,Australia/Sydney,2026-06-14 02:09,,AD-11,SEA_SHIFT,1,N,N,N
D26700,Google,Saudi Arabia,Asia/Riyadh,2026-06-14 03:59,2026-06-14 13:38,AD-10,IST_SHIFT,3,Y,Y,N
D14051,Google,India,Asia/Kolkata,2026-06-14 04:14,2026-06-15 09:14,AD-07,IST_SHIFT,4,N,N,N
D16656,Organic,USA,America/New_York,2026-06-14 06:17,2026-06-17 14:14,AD-02,US_SHIFT,2,N,N,N
D23611,Meta,USA,America/New_York,2026-06-14 06:18,2026-06-14 07:18,AD-01,US_SHIFT,1,N,N,N
D69546,Meta,USA,America/New_York,2026-06-14 06:57,,AD-04,US_SHIFT,1,N,N,N
D79133,Meta,Saudi Arabia,Asia/Riyadh,2026-06-14 08:13,,AD-09,IST_SHIFT,0,N,N,N
D77828,Referral,Vietnam,Asia/Ho_Chi_Minh,2026-06-14 08:15,,AD-07,IST_SHIFT,2,N,N,N
D55797,Affiliate,USA,America/New_York,2026-06-14 08:30,2026-06-15 19:12,AD-04,US_SHIFT,3,N,N,N
D96552,Meta,Australia,Australia/Sydney,2026-06-14 10:16,2026-06-24 02:51,AD-12,SEA_SHIFT,1,N,N,N
D50309,Meta,UK,Europe/London,2026-06-14 10:27,2026-06-15 19:00,AD-01,US_SHIFT,1,Y,Y,N
D24507,DSA,India,Asia/Kolkata,2026-06-14 12:44,2026-06-16 11:45,AD-09,IST_SHIFT,3,Y,Y,N
D89687,Google,Saudi Arabia,Asia/Riyadh,2026-06-14 14:34,2026-06-20 08:44,AD-09,IST_SHIFT,1,N,N,N
D16518,Organic,Vietnam,Asia/Ho_Chi_Minh,2026-06-14 15:26,,AD-07,IST_SHIFT,4,N,N,N
D44830,Google,Saudi Arabia,Asia/Riyadh,2026-06-14 15:27,2026-06-19 21:59,AD-06,IST_SHIFT,2,Y,N,N
D29857,Meta,USA,America/New_York,2026-06-14 15:57,,AD-05,US_SHIFT,4,N,N,N
D31846,Google,Vietnam,Asia/Ho_Chi_Minh,2026-06-14 16:44,2026-06-17 23:38,AD-07,IST_SHIFT,2,N,N,N
D35331,Meta,UAE,Asia/Dubai,2026-06-14 16:44,2026-06-15 00:49,AD-09,IST_SHIFT,2,Y,Y,N
D83342,Referral,USA,America/New_York,2026-06-14 18:14,,AD-01,US_SHIFT,1,N,N,N
D12661,DSA,USA,America/New_York,2026-06-14 18:18,,AD-03,US_SHIFT,0,N,N,N
D33591,Organic,Saudi Arabia,Asia/Riyadh,2026-06-14 18:29,2026-06-20 14:15,AD-08,IST_SHIFT,3,Y,Y,N
D47108,Meta,USA,America/New_York,2026-06-14 19:51,2026-06-15 22:04,AD-04,US_SHIFT,3,Y,Y,N
D23839,DSA,UAE,Asia/Dubai,2026-06-14 21:12,,AD-07,IST_SHIFT,3,N,N,N
D60477,Google,Vietnam,Asia/Ho_Chi_Minh,2026-06-14 22:10,2026-06-15 12:29,AD-09,IST_SHIFT,3,Y,Y,N
D92349,Organic,USA,America/New_York,2026-06-14 22:40,2026-06-15 23:26,AD-04,US_SHIFT,2,N,N,N
D41896,Affiliate,India,Asia/Kolkata,2026-06-14 23:26,2026-06-16 02:40,AD-09,IST_SHIFT,2,Y,Y,Y
D46847,Google,Australia,Australia/Sydney,2026-06-14 23:31,2026-06-15 10:26,AD-12,SEA_SHIFT,0,Y,Y,N
D75728,Affiliate,India,Asia/Kolkata,2026-06-15 00:26,,AD-07,IST_SHIFT,2,N,N,N
D84237,Google,USA,America/New_York,2026-06-15 00:35,2026-06-15 18:32,AD-02,US_SHIFT,1,N,N,N
D14817,Google,Singapore,Asia/Singapore,2026-06-15 00:44,2026-06-15 22:45,AD-11,SEA_SHIFT,2,Y,Y,Y
D49386,Organic,USA,America/New_York,2026-06-15 02:12,,AD-05,US_SHIFT,2,N,N,N
D15347,Meta,Saudi Arabia,Asia/Riyadh,2026-06-15 02:41,2026-06-15 14:19,AD-08,IST_SHIFT,4,N,N,N
D31713,DSA,UK,Europe/London,2026-06-15 03:24,2026-06-15 16:17,AD-05,US_SHIFT,3,Y,Y,N
D88262,Meta,Singapore,Asia/Singapore,2026-06-15 04:25,2026-06-16 17:23,AD-11,SEA_SHIFT,2,Y,Y,Y
D24379,Meta,USA,America/New_York,2026-06-15 04:30,,AD-01,US_SHIFT,0,N,N,N
D68887,Google,Singapore,Asia/Singapore,2026-06-15 04:47,,AD-12,SEA_SHIFT,2,N,N,N
D27028,Google,India,Asia/Kolkata,2026-06-15 05:01,2026-06-16 06:35,AD-10,IST_SHIFT,2,Y,N,N
D79347,Google,Australia,Australia/Sydney,2026-06-15 05:15,2026-06-22 19:42,AD-12,SEA_SHIFT,1,Y,Y,N
D38445,Meta,USA,America/New_York,2026-06-15 05:38,2026-06-18 04:05,AD-03,US_SHIFT,2,Y,Y,N
D50888,Affiliate,Singapore,Asia/Singapore,2026-06-15 06:07,2026-06-18 05:34,AD-11,SEA_SHIFT,1,N,N,N
D88149,Meta,Vietnam,Asia/Ho_Chi_Minh,2026-06-15 08:19,2026-06-19 09:43,AD-10,IST_SHIFT,1,N,N,N
D37647,Google,USA,America/New_York,2026-06-15 08:34,,AD-04,US_SHIFT,1,N,N,N
D13022,Organic,USA,America/New_York,2026-06-15 08:40,2026-06-24 02:36,AD-01,US_SHIFT,3,Y,Y,N
D58778,Google,UAE,Asia/Dubai,2026-06-15 10:07,2026-06-16 17:56,AD-09,IST_SHIFT,1,Y,Y,Y
D58790,DSA,UAE,Asia/Dubai,2026-06-15 10:41,2026-06-17 02:26,AD-06,IST_SHIFT,2,Y,Y,N
D91925,Google,UK,Europe/London,2026-06-15 10:56,,AD-05,US_SHIFT,4,N,N,N
D76528,Meta,UAE,Asia/Dubai,2026-06-15 11:22,2026-06-18 04:46,AD-06,IST_SHIFT,1,N,N,N
D22578,Google,India,Asia/Kolkata,2026-06-15 12:19,2026-06-17 02:51,AD-06,IST_SHIFT,2,Y,Y,N
D96776,Google,Australia,Australia/Sydney,2026-06-15 13:10,2026-06-16 18:26,AD-12,SEA_SHIFT,2,Y,Y,N
D75976,Meta,USA,America/New_York,2026-06-15 15:04,,AD-04,US_SHIFT,2,N,N,N
D21040,Organic,Australia,Australia/Sydney,2026-06-15 17:24,,AD-11,SEA_SHIFT,1,N,N,N
D87221,Meta,Singapore,Asia/Singapore,2026-06-15 17:50,2026-06-17 08:54,AD-11,SEA_SHIFT,2,Y,N,N
D12936,Affiliate,USA,America/New_York,2026-06-15 17:52,,AD-03,US_SHIFT,1,N,N,N
D86721,Meta,USA,America/New_York,2026-06-15 18:00,,AD-04,US_SHIFT,0,N,N,N
D60289,Meta,Vietnam,Asia/Ho_Chi_Minh,2026-06-15 18:03,,AD-06,IST_SHIFT,2,N,N,N
D51880,Google,India,Asia/Kolkata,2026-06-15 18:31,,AD-09,IST_SHIFT,1,N,N,N
D41547,DSA,UAE,Asia/Dubai,2026-06-15 19:21,,AD-07,IST_SHIFT,1,N,N,N
D23264,Affiliate,USA,America/New_York,2026-06-15 20:43,,AD-01,US_SHIFT,2,N,N,N
D10055,Google,Vietnam,Asia/Ho_Chi_Minh,2026-06-15 21:02,2026-06-20 17:10,AD-09,IST_SHIFT,0,Y,Y,Y
D75468,Meta,USA,America/New_York,2026-06-15 21:27,,AD-03,US_SHIFT,4,N,N,N
D36015,Google,USA,America/New_York,2026-06-15 21:35,2026-06-23 07:32,AD-04,US_SHIFT,2,Y,Y,N
D60711,Affiliate,Saudi Arabia,Asia/Riyadh,2026-06-15 22:25,,AD-10,IST_SHIFT,2,N,N,N
D23361,Google,Vietnam,Asia/Ho_Chi_Minh,2026-06-15 22:28,2026-06-17 10:43,AD-10,IST_SHIFT,0,N,N,N
D32462,Meta,UK,Europe/London,2026-06-15 23:31,2026-06-21 23:43,AD-01,US_SHIFT,2,Y,Y,N
D55018,Organic,USA,America/New_York,2026-06-16 00:04,2026-06-21 08:53,AD-05,US_SHIFT,1,N,N,N
D96458,Google,USA,America/New_York,2026-06-16 00:06,,AD-04,US_SHIFT,2,N,N,N
D29901,Google,Saudi Arabia,Asia/Riyadh,2026-06-16 01:18,2026-06-16 08:24,AD-07,IST_SHIFT,1,Y,Y,N
D15078,Meta,Vietnam,Asia/Ho_Chi_Minh,2026-06-16 01:37,2026-06-16 22:54,AD-09,IST_SHIFT,1,Y,N,N
D92079,DSA,Singapore,Asia/Singapore,2026-06-16 02:12,,AD-11,SEA_SHIFT,3,N,N,N
D25381,Google,Saudi Arabia,Asia/Riyadh,2026-06-16 02:18,,AD-09,IST_SHIFT,2,N,N,N
D76742,Meta,Vietnam,Asia/Ho_Chi_Minh,2026-06-16 03:33,,AD-07,IST_SHIFT,2,N,N,N
D10009,Google,Saudi Arabia,Asia/Riyadh,2026-06-16 03:43,,AD-07,IST_SHIFT,3,N,N,N
D42722,DSA,Saudi Arabia,Asia/Riyadh,2026-06-16 03:52,,AD-08,IST_SHIFT,2,N,N,N
D96141,Google,UK,Europe/London,2026-06-16 04:58,,AD-02,US_SHIFT,3,N,N,N
D65277,Meta,Vietnam,Asia/Ho_Chi_Minh,2026-06-16 06:29,,AD-10,IST_SHIFT,4,N,N,N
D13960,Meta,USA,America/New_York,2026-06-16 07:18,2026-06-18 00:20,AD-05,US_SHIFT,1,Y,Y,N
D53445,Meta,India,Asia/Kolkata,2026-06-16 07:44,2026-06-17 19:13,AD-07,IST_SHIFT,4,Y,Y,N
D51802,Organic,India,Asia/Kolkata,2026-06-16 08:06,2026-06-24 10:31,AD-09,IST_SHIFT,2,Y,N,N
D95719,Google,Vietnam,Asia/Ho_Chi_Minh,2026-06-16 09:01,2026-06-21 18:54,AD-08,IST_SHIFT,2,Y,Y,Y
D49672,Google,Singapore,Asia/Singapore,2026-06-16 09:11,,AD-11,SEA_SHIFT,3,N,N,N
D25833,Google,UK,Europe/London,2026-06-16 09:28,,AD-04,US_SHIFT,2,N,N,N
D27179,Meta,USA,America/New_York,2026-06-16 10:11,2026-06-17 07:28,AD-05,US_SHIFT,4,N,N,N
D37206,Meta,India,Asia/Kolkata,2026-06-16 11:00,2026-06-24 18:52,AD-10,IST_SHIFT,1,N,N,N
D29843,Google,Vietnam,Asia/Ho_Chi_Minh,2026-06-16 11:56,,AD-07,IST_SHIFT,1,N,N,N
D15712,Referral,Vietnam,Asia/Ho_Chi_Minh,2026-06-16 11:59,2026-06-17 11:21,AD-09,IST_SHIFT,1,N,N,N
D67360,Affiliate,USA,America/New_York,2026-06-16 13:24,2026-06-17 18:33,AD-03,US_SHIFT,2,Y,Y,N
D61386,Affiliate,UAE,Asia/Dubai,2026-06-16 14:09,2026-06-25 22:34,AD-06,IST_SHIFT,2,N,N,N
D28548,Meta,Vietnam,Asia/Ho_Chi_Minh,2026-06-16 14:46,2026-06-17 21:27,AD-08,IST_SHIFT,2,Y,Y,Y
D23697,Meta,USA,America/New_York,2026-06-16 17:29,,AD-02,US_SHIFT,2,N,N,N
D37691,Meta,Australia,Australia/Sydney,2026-06-16 17:35,2026-06-17 03:21,AD-12,SEA_SHIFT,1,Y,Y,Y
D92270,Meta,Vietnam,Asia/Ho_Chi_Minh,2026-06-16 18:39,,AD-06,IST_SHIFT,1,N,N,N
D19919,Google,USA,America/New_York,2026-06-16 19:49,,AD-01,US_SHIFT,1,N,N,N
D23575,Meta,USA,America/New_York,2026-06-16 20:01,2026-06-18 15:24,AD-01,US_SHIFT,1,Y,Y,N
D99052,Meta,USA,America/New_York,2026-06-16 20:51,,AD-02,US_SHIFT,3,N,N,N
D28967,Organic,Australia,Australia/Sydney,2026-06-16 21:04,2026-06-17 22:52,AD-11,SEA_SHIFT,1,N,N,N
D97651,Meta,India,Asia/Kolkata,2026-06-16 22:36,2026-06-18 16:21,AD-09,IST_SHIFT,1,Y,N,N
D94366,Organic,USA,America/New_York,2026-06-16 22:42,2026-06-25 09:40,AD-01,US_SHIFT,4,N,N,N
D95974,Referral,USA,America/New_York,2026-06-16 23:26,2026-06-23 19:51,AD-01,US_SHIFT,3,N,N,N
D71494,Meta,USA,America/New_York,2026-06-16 23:28,2026-06-18 04:40,AD-02,US_SHIFT,1,Y,Y,Y
D60951,DSA,USA,America/New_York,2026-06-17 00:36,2026-06-18 13:35,AD-03,US_SHIFT,4,Y,Y,N
D82521,Affiliate,UAE,Asia/Dubai,2026-06-17 01:57,,AD-10,IST_SHIFT,3,N,N,N
D54110,Organic,UAE,Asia/Dubai,2026-06-17 03:18,2026-06-17 09:34,AD-06,IST_SHIFT,1,Y,N,N
D81992,Meta,USA,America/New_York,2026-06-17 03:21,,AD-01,US_SHIFT,2,N,N,N
D52584,Meta,Singapore,Asia/Singapore,2026-06-17 04:13,2026-06-18 06:56,AD-12,SEA_SHIFT,0,Y,Y,N
D95132,DSA,USA,America/New_York,2026-06-17 04:18,2026-06-25 04:50,AD-05,US_SHIFT,2,N,N,N
D88503,Google,UK,Europe/London,2026-06-17 05:06,,AD-05,US_SHIFT,4,N,N,N
D31584,Meta,India,Asia/Kolkata,2026-06-17 06:16,,AD-07,IST_SHIFT,3,N,N,N
D54703,Meta,UK,Europe/London,2026-06-17 06:33,2026-06-19 04:10,AD-03,US_SHIFT,1,Y,Y,N
D33301,DSA,USA,America/New_York,2026-06-17 11:00,2026-06-19 09:36,AD-01,US_SHIFT,1,N,N,N
D41000,Referral,Saudi Arabia,Asia/Riyadh,2026-06-17 11:05,2026-06-19 14:58,AD-07,IST_SHIFT,1,N,N,N
D36242,Google,USA,America/New_York,2026-06-17 11:07,,AD-04,US_SHIFT,0,N,N,N
D51658,Affiliate,Saudi Arabia,Asia/Riyadh,2026-06-17 11:22,2026-06-19 06:13,AD-06,IST_SHIFT,2,N,N,N
D20696,Google,USA,America/New_York,2026-06-17 11:34,2026-06-18 22:32,AD-05,US_SHIFT,4,Y,N,N
D34559,Google,Australia,Australia/Sydney,2026-06-17 12:30,2026-06-19 11:36,AD-12,SEA_SHIFT,1,Y,Y,N
D46385,Meta,USA,America/New_York,2026-06-17 13:01,2026-06-21 16:32,AD-04,US_SHIFT,1,Y,Y,N
D50409,Google,Vietnam,Asia/Ho_Chi_Minh,2026-06-17 13:49,2026-06-18 07:45,AD-08,IST_SHIFT,2,N,N,N
D22108,Referral,USA,America/New_York,2026-06-17 16:42,2026-06-22 03:42,AD-05,US_SHIFT,2,Y,N,N
D11760,DSA,USA,America/New_York,2026-06-17 17:40,2026-06-18 13:55,AD-04,US_SHIFT,2,Y,Y,N
D32398,Organic,UK,Europe/London,2026-06-17 17:50,2026-06-17 22:28,AD-03,US_SHIFT,2,Y,Y,N
D16833,Affiliate,Saudi Arabia,Asia/Riyadh,2026-06-17 17:51,2026-06-19 03:49,AD-07,IST_SHIFT,1,Y,Y,N
D13716,Organic,UK,Europe/London,2026-06-17 20:03,,AD-05,US_SHIFT,2,N,N,N
D48013,Referral,Saudi Arabia,Asia/Riyadh,2026-06-17 20:05,2026-06-19 05:25,AD-07,IST_SHIFT,3,Y,Y,Y
D43866,Affiliate,USA,America/New_York,2026-06-17 20:32,2026-06-18 00:25,AD-04,US_SHIFT,2,Y,Y,N
D93596,Google,USA,America/New_York,2026-06-17 20:57,,AD-03,US_SHIFT,1,N,N,N
D54133,Meta,UAE,Asia/Dubai,2026-06-17 22:20,2026-06-18 10:40,AD-08,IST_SHIFT,3,Y,Y,N
D21338,Affiliate,Vietnam,Asia/Ho_Chi_Minh,2026-06-17 23:22,,AD-10,IST_SHIFT,3,N,N,N
D83652,Meta,Singapore,Asia/Singapore,2026-06-17 23:46,,AD-12,SEA_SHIFT,1,N,N,N
D21320,DSA,UK,Europe/London,2026-06-18 00:07,2026-06-18 18:34,AD-02,US_SHIFT,2,Y,Y,N
D39662,Google,USA,America/New_York,2026-06-18 01:52,2026-06-18 05:05,AD-02,US_SHIFT,1,Y,Y,N
D32940,Organic,Vietnam,Asia/Ho_Chi_Minh,2026-06-18 01:56,2026-06-24 12:58,AD-09,IST_SHIFT,1,Y,Y,N
D72681,Meta,Australia,Australia/Sydney,2026-06-18 02:07,2026-06-19 07:42,AD-11,SEA_SHIFT,3,Y,Y,Y
D35144,Meta,USA,America/New_York,2026-06-18 02:52,2026-06-19 08:06,AD-04,US_SHIFT,1,Y,N,N
D89978,Meta,UK,Europe/London,2026-06-18 02:52,2026-06-19 20:37,AD-01,US_SHIFT,2,N,N,N
D78557,Affiliate,UK,Europe/London,2026-06-18 02:57,2026-06-23 13:36,AD-05,US_SHIFT,2,Y,Y,N
D45717,Meta,Vietnam,Asia/Ho_Chi_Minh,2026-06-18 03:13,2026-06-18 06:44,AD-09,IST_SHIFT,2,Y,Y,N
D50393,Google,Vietnam,Asia/Ho_Chi_Minh,2026-06-18 03:39,2026-06-25 23:33,AD-06,IST_SHIFT,3,Y,Y,N
D66894,Referral,UAE,Asia/Dubai,2026-06-18 05:02,,AD-10,IST_SHIFT,0,N,N,N
D55075,Google,USA,America/New_York,2026-06-18 05:17,2026-06-18 16:46,AD-05,US_SHIFT,2,Y,Y,N
D13608,Meta,UK,Europe/London,2026-06-18 05:23,2026-06-19 02:48,AD-03,US_SHIFT,3,N,N,N
D69416,DSA,Australia,Australia/Sydney,2026-06-18 05:36,2026-06-19 04:26,AD-11,SEA_SHIFT,0,N,N,N
D28751,Organic,USA,America/New_York,2026-06-18 05:56,,AD-02,US_SHIFT,2,N,N,N
D43190,Meta,Saudi Arabia,Asia/Riyadh,2026-06-18 08:00,2026-06-27 15:18,AD-10,IST_SHIFT,1,Y,Y,N
D69133,Meta,UAE,Asia/Dubai,2026-06-18 08:24,2026-06-19 06:08,AD-06,IST_SHIFT,1,Y,Y,N
D94495,Google,USA,America/New_York,2026-06-18 08:29,,AD-01,US_SHIFT,2,N,N,N
D73693,Meta,USA,America/New_York,2026-06-18 09:29,,AD-03,US_SHIFT,1,N,N,N
D88865,Meta,USA,America/New_York,2026-06-18 10:48,2026-06-20 02:50,AD-01,US_SHIFT,1,Y,Y,N
D22394,Google,Saudi Arabia,Asia/Riyadh,2026-06-18 10:59,2026-06-20 03:32,AD-06,IST_SHIFT,3,N,N,N
D47668,Organic,Vietnam,Asia/Ho_Chi_Minh,2026-06-18 11:10,,AD-06,IST_SHIFT,2,N,N,N
D17758,Meta,USA,America/New_York,2026-06-18 13:52,2026-06-20 04:12,AD-05,US_SHIFT,1,Y,Y,Y
D52110,Organic,USA,America/New_York,2026-06-18 14:28,2026-06-19 05:39,AD-04,US_SHIFT,0,N,N,N
D30931,DSA,India,Asia/Kolkata,2026-06-18 14:45,2026-06-20 07:44,AD-07,IST_SHIFT,4,Y,Y,N
D21586,Organic,USA,America/New_York,2026-06-18 14:53,2026-06-18 19:38,AD-05,US_SHIFT,1,Y,Y,N
D88456,Google,USA,America/New_York,2026-06-18 15:43,2026-06-27 15:22,AD-01,US_SHIFT,2,Y,Y,N
D31197,Google,UAE,Asia/Dubai,2026-06-18 15:55,,AD-06,IST_SHIFT,0,N,N,N
D69484,Google,Vietnam,Asia/Ho_Chi_Minh,2026-06-18 16:47,,AD-09,IST_SHIFT,1,N,N,N
D32489,Meta,India,Asia/Kolkata,2026-06-18 17:02,2026-06-23 15:30,AD-08,IST_SHIFT,4,N,N,N
D88940,Google,UAE,Asia/Dubai,2026-06-18 17:06,2026-06-25 17:24,AD-09,IST_SHIFT,1,N,N,N
D73466,Google,Vietnam,Asia/Ho_Chi_Minh,2026-06-18 17:44,2026-06-24 14:16,AD-10,IST_SHIFT,2,Y,Y,N
D49083,Organic,Vietnam,Asia/Ho_Chi_Minh,2026-06-18 18:00,2026-06-19 20:42,AD-06,IST_SHIFT,3,Y,Y,N
D69677,Meta,Australia,Australia/Sydney,2026-06-18 18:10,,AD-12,SEA_SHIFT,1,N,N,N
D26477,Google,USA,America/New_York,2026-06-18 18:10,,AD-03,US_SHIFT,0,N,N,N
D43437,Organic,Vietnam,Asia/Ho_Chi_Minh,2026-06-18 18:33,,AD-08,IST_SHIFT,1,N,N,N
D49973,Meta,Vietnam,Asia/Ho_Chi_Minh,2026-06-18 18:59,2026-06-19 10:42,AD-06,IST_SHIFT,2,Y,Y,N
D91996,Affiliate,Vietnam,Asia/Ho_Chi_Minh,2026-06-18 19:48,2026-06-21 15:37,AD-09,IST_SHIFT,4,N,N,N
D16779,Meta,USA,America/New_York,2026-06-18 19:51,,AD-03,US_SHIFT,4,N,N,N
D60282,Google,Saudi Arabia,Asia/Riyadh,2026-06-18 20:42,2026-06-20 08:50,AD-06,IST_SHIFT,0,Y,Y,N
D46061,Meta,USA,America/New_York,2026-06-18 21:39,2026-06-21 08:30,AD-04,US_SHIFT,3,Y,Y,N
D25067,Google,UK,Europe/London,2026-06-18 22:30,2026-06-22 17:10,AD-05,US_SHIFT,1,N,N,N
D62609,Meta,Singapore,Asia/Singapore,2026-06-19 01:39,,AD-11,SEA_SHIFT,2,N,N,N
D41177,Affiliate,USA,America/New_York,2026-06-19 01:44,2026-06-20 20:53,AD-05,US_SHIFT,3,Y,Y,N
D73884,DSA,UAE,Asia/Dubai,2026-06-19 02:30,2026-06-19 11:28,AD-08,IST_SHIFT,2,Y,Y,N
D57212,Meta,UK,Europe/London,2026-06-19 02:35,,AD-02,US_SHIFT,0,N,N,N
D52565,Referral,Vietnam,Asia/Ho_Chi_Minh,2026-06-19 05:26,2026-06-20 21:41,AD-09,IST_SHIFT,2,Y,Y,N
D81982,Google,USA,America/New_York,2026-06-19 06:08,,AD-05,US_SHIFT,3,N,N,N
D83155,Affiliate,UK,Europe/London,2026-06-19 06:26,,AD-03,US_SHIFT,2,N,N,N
D82170,Google,Australia,Australia/Sydney,2026-06-19 06:39,,AD-12,SEA_SHIFT,3,N,N,N
D67164,Google,India,Asia/Kolkata,2026-06-19 06:41,2026-06-19 21:20,AD-06,IST_SHIFT,0,N,N,N
D13008,Google,USA,America/New_York,2026-06-19 07:05,2026-06-19 22:31,AD-04,US_SHIFT,1,Y,Y,N
D66612,Google,USA,America/New_York,2026-06-19 08:53,2026-06-19 22:36,AD-01,US_SHIFT,2,Y,Y,N
D26734,Meta,India,Asia/Kolkata,2026-06-19 10:02,,AD-07,IST_SHIFT,2,N,N,N
D36268,Meta,Vietnam,Asia/Ho_Chi_Minh,2026-06-19 10:19,2026-06-27 19:56,AD-07,IST_SHIFT,0,N,N,N
D51029,Organic,Vietnam,Asia/Ho_Chi_Minh,2026-06-19 10:36,,AD-09,IST_SHIFT,1,N,N,N
D15890,Google,USA,America/New_York,2026-06-19 10:40,,AD-05,US_SHIFT,1,N,N,N
D60309,DSA,Singapore,Asia/Singapore,2026-06-19 12:15,2026-06-20 01:23,AD-12,SEA_SHIFT,0,N,N,N
D69292,Google,Vietnam,Asia/Ho_Chi_Minh,2026-06-19 14:06,2026-06-21 11:50,AD-07,IST_SHIFT,2,N,N,N
D53665,Referral,UK,Europe/London,2026-06-19 14:29,2026-06-22 04:03,AD-05,US_SHIFT,1,N,N,N
D50206,Meta,USA,America/New_York,2026-06-19 14:36,2026-06-21 01:32,AD-03,US_SHIFT,0,Y,N,N
D98516,Meta,Singapore,Asia/Singapore,2026-06-19 15:10,2026-06-25 01:19,AD-11,SEA_SHIFT,1,N,N,N
D52637,Affiliate,India,Asia/Kolkata,2026-06-19 15:14,,AD-09,IST_SHIFT,1,N,N,N
D76667,Affiliate,USA,America/New_York,2026-06-19 15:14,,AD-01,US_SHIFT,2,N,N,N
D49034,Google,UAE,Asia/Dubai,2026-06-19 15:31,2026-06-20 23:26,AD-08,IST_SHIFT,2,N,N,N
D24541,Organic,Vietnam,Asia/Ho_Chi_Minh,2026-06-19 17:11,2026-06-20 23:18,AD-09,IST_SHIFT,2,N,N,N
D29605,Google,USA,America/New_York,2026-06-19 17:12,2026-06-27 19:19,AD-04,US_SHIFT,2,Y,Y,Y
D29038,Google,Vietnam,Asia/Ho_Chi_Minh,2026-06-19 18:20,2026-06-25 17:55,AD-10,IST_SHIFT,1,Y,Y,Y
D97297,Google,UAE,Asia/Dubai,2026-06-19 18:45,,AD-08,IST_SHIFT,2,N,N,N
D13003,Organic,UAE,Asia/Dubai,2026-06-19 18:50,2026-06-21 08:57,AD-10,IST_SHIFT,4,Y,Y,N
D48235,Meta,UK,Europe/London,2026-06-19 19:40,,AD-05,US_SHIFT,2,N,N,N
D88167,Meta,UK,Europe/London,2026-06-19 20:58,2026-06-21 01:31,AD-01,US_SHIFT,2,Y,Y,N
D93401,DSA,UK,Europe/London,2026-06-19 21:41,2026-06-21 06:49,AD-03,US_SHIFT,1,Y,N,N
D72096,Meta,UAE,Asia/Dubai,2026-06-19 23:31,2026-06-20 14:58,AD-08,IST_SHIFT,4,Y,N,N
D68580,DSA,USA,America/New_York,2026-06-20 01:08,2026-06-20 04:19,AD-04,US_SHIFT,2,Y,Y,N
D30068,Meta,UK,Europe/London,2026-06-20 01:18,2026-06-21 18:08,AD-05,US_SHIFT,1,Y,Y,N
D70863,Meta,USA,America/New_York,2026-06-20 01:22,,AD-01,US_SHIFT,2,N,N,N
D27256,Affiliate,UAE,Asia/Dubai,2026-06-20 01:55,,AD-06,IST_SHIFT,2,N,N,N
D13498,Meta,USA,America/New_York,2026-06-20 02:32,,AD-05,US_SHIFT,3,N,N,N
D24932,Meta,Australia,Australia/Sydney,2026-06-20 02:32,2026-06-21 15:20,AD-12,SEA_SHIFT,2,Y,Y,N
D14126,Google,USA,America/New_York,2026-06-20 02:57,2026-06-24 23:15,AD-04,US_SHIFT,1,N,N,N
D83166,Meta,USA,America/New_York,2026-06-20 03:30,,AD-04,US_SHIFT,2,N,N,N
D51699,Google,USA,America/New_York,2026-06-20 03:50,2026-06-24 04:54,AD-02,US_SHIFT,3,N,N,N
D32580,DSA,USA,America/New_York,2026-06-20 04:34,2026-06-21 14:58,AD-04,US_SHIFT,3,Y,Y,N
D29564,DSA,Singapore,Asia/Singapore,2026-06-20 05:12,,AD-11,SEA_SHIFT,1,N,N,N
D24085,DSA,Saudi Arabia,Asia/Riyadh,2026-06-20 05:41,,AD-06,IST_SHIFT,1,N,N,N
D79589,Affiliate,USA,America/New_York,2026-06-20 06:12,2026-06-25 08:50,AD-02,US_SHIFT,1,Y,Y,N
D11839,Organic,Singapore,Asia/Singapore,2026-06-20 07:30,,AD-12,SEA_SHIFT,2,N,N,N
D46501,Meta,India,Asia/Kolkata,2026-06-20 09:03,,AD-08,IST_SHIFT,0,N,N,N
D54751,Google,USA,America/New_York,2026-06-20 09:52,2026-06-21 03:27,AD-02,US_SHIFT,1,Y,Y,N
D58992,DSA,USA,America/New_York,2026-06-20 10:30,2026-06-29 19:58,AD-02,US_SHIFT,1,N,N,N
D39383,Affiliate,Vietnam,Asia/Ho_Chi_Minh,2026-06-20 11:05,,AD-07,IST_SHIFT,1,N,N,N
D39451,DSA,USA,America/New_York,2026-06-20 11:43,2026-06-24 06:15,AD-03,US_SHIFT,2,N,N,N
D75713,Meta,Saudi Arabia,Asia/Riyadh,2026-06-20 11:46,,AD-07,IST_SHIFT,1,N,N,N
D84405,Affiliate,Australia,Australia/Sydney,2026-06-20 12:56,2026-06-26 14:46,AD-12,SEA_SHIFT,0,N,N,N
D38055,Meta,USA,America/New_York,2026-06-20 15:01,,AD-04,US_SHIFT,3,N,N,N
D46453,Organic,Australia,Australia/Sydney,2026-06-20 15:54,,AD-11,SEA_SHIFT,3,N,N,N
D75520,DSA,USA,America/New_York,2026-06-20 17:09,2026-06-29 07:34,AD-02,US_SHIFT,1,N,N,N
D21322,Google,USA,America/New_York,2026-06-20 17:11,2026-06-21 01:19,AD-05,US_SHIFT,0,Y,Y,N
D98282,Google,Vietnam,Asia/Ho_Chi_Minh,2026-06-20 17:24,2026-06-28 13:46,AD-06,IST_SHIFT,1,N,N,N
D72962,Meta,USA,America/New_York,2026-06-20 17:48,,AD-03,US_SHIFT,2,N,N,N
D94319,Meta,Australia,Australia/Sydney,2026-06-20 19:33,2026-06-22 00:57,AD-11,SEA_SHIFT,4,Y,Y,Y
D21801,Google,USA,America/New_York,2026-06-20 19:56,,AD-02,US_SHIFT,3,N,N,N
D69770,Organic,Singapore,Asia/Singapore,2026-06-20 20:25,2026-06-22 14:23,AD-11,SEA_SHIFT,0,Y,N,N
D83695,Meta,UAE,Asia/Dubai,2026-06-20 20:33,2026-06-21 19:24,AD-07,IST_SHIFT,2,Y,Y,N
D30767,Meta,India,Asia/Kolkata,2026-06-20 21:51,2026-06-22 03:47,AD-07,IST_SHIFT,3,Y,Y,N
D22848,Meta,USA,America/New_York,2026-06-20 22:15,2026-06-21 01:11,AD-03,US_SHIFT,3,N,N,N
D81909,Google,Saudi Arabia,Asia/Riyadh,2026-06-20 22:25,,AD-10,IST_SHIFT,2,N,N,N
D51278,DSA,USA,America/New_York,2026-06-20 22:53,2026-06-27 18:31,AD-04,US_SHIFT,2,Y,Y,N
D84248,Google,Saudi Arabia,Asia/Riyadh,2026-06-20 23:26,2026-06-21 20:54,AD-08,IST_SHIFT,0,N,N,N
D14566,Meta,USA,America/New_York,2026-06-20 23:49,2026-06-21 14:50,AD-05,US_SHIFT,0,Y,Y,N
D22241,DSA,Saudi Arabia,Asia/Riyadh,2026-06-20 23:51,2026-06-21 18:36,AD-09,IST_SHIFT,2,Y,Y,N
D33350,Affiliate,USA,America/New_York,2026-06-20 23:54,,AD-04,US_SHIFT,2,N,N,N
D34173,DSA,USA,America/New_York,2026-06-21 00:20,2026-06-23 03:28,AD-01,US_SHIFT,2,Y,Y,N
D34968,DSA,UK,Europe/London,2026-06-21 01:46,2026-06-22 07:24,AD-04,US_SHIFT,3,Y,N,N
D43964,Organic,India,Asia/Kolkata,2026-06-21 01:49,,AD-09,IST_SHIFT,1,N,N,N
D50433,Meta,UAE,Asia/Dubai,2026-06-21 02:09,2026-06-28 11:27,AD-08,IST_SHIFT,3,Y,Y,N
D75627,Meta,USA,America/New_York,2026-06-21 03:11,,AD-02,US_SHIFT,3,N,N,N
D76516,Organic,USA,America/New_York,2026-06-21 03:36,2026-06-22 19:04,AD-01,US_SHIFT,1,Y,Y,N
D41957,Referral,India,Asia/Kolkata,2026-06-21 05:27,,AD-08,IST_SHIFT,0,N,N,N
D63679,Affiliate,India,Asia/Kolkata,2026-06-21 05:41,2026-06-24 21:19,AD-06,IST_SHIFT,3,N,N,N
D48498,Google,USA,America/New_York,2026-06-21 05:44,2026-06-22 01:48,AD-02,US_SHIFT,2,Y,Y,N
D46809,Affiliate,USA,America/New_York,2026-06-21 05:53,,AD-05,US_SHIFT,0,N,N,N
D24660,Meta,USA,America/New_York,2026-06-21 06:56,2026-06-21 18:47,AD-04,US_SHIFT,1,Y,Y,Y
D53658,Google,USA,America/New_York,2026-06-21 08:53,2026-06-22 17:09,AD-01,US_SHIFT,1,Y,N,N
D73300,Meta,USA,America/New_York,2026-06-21 09:45,,AD-03,US_SHIFT,3,N,N,N
D26979,Meta,Vietnam,Asia/Ho_Chi_Minh,2026-06-21 09:46,2026-06-23 09:25,AD-10,IST_SHIFT,1,Y,Y,N
D14037,Meta,UAE,Asia/Dubai,2026-06-21 11:28,2026-06-22 21:02,AD-07,IST_SHIFT,1,Y,N,N
D38336,Meta,UK,Europe/London,2026-06-21 11:44,2026-06-26 20:55,AD-04,US_SHIFT,0,Y,Y,N
D12001,Google,USA,America/New_York,2026-06-21 12:24,,AD-02,US_SHIFT,0,N,N,N
D67566,Google,USA,America/New_York,2026-06-21 13:08,,AD-01,US_SHIFT,3,N,N,N
D59515,Google,UK,Europe/London,2026-06-21 13:20,2026-06-30 11:39,AD-01,US_SHIFT,4,Y,Y,N
D18509,Meta,India,Asia/Kolkata,2026-06-21 15:03,,AD-07,IST_SHIFT,1,N,N,N
D29604,DSA,Australia,Australia/Sydney,2026-06-21 15:18,,AD-12,SEA_SHIFT,3,N,N,N
D70958,Google,Singapore,Asia/Singapore,2026-06-21 16:01,2026-06-30 13:26,AD-11,SEA_SHIFT,2,Y,N,N
D30513,DSA,USA,America/New_York,2026-06-21 16:23,2026-06-22 07:10,AD-02,US_SHIFT,2,N,N,N
D27697,Affiliate,USA,America/New_York,2026-06-21 17:04,,AD-03,US_SHIFT,0,N,N,N
D66307,Meta,Australia,Australia/Sydney,2026-06-21 17:13,2026-06-22 01:57,AD-11,SEA_SHIFT,1,Y,Y,N
D24304,Google,UK,Europe/London,2026-06-21 17:16,2026-06-21 23:28,AD-05,US_SHIFT,1,Y,Y,N
D42259,Meta,UK,Europe/London,2026-06-21 18:46,2026-06-21 20:29,AD-01,US_SHIFT,1,Y,Y,N
D34730,Meta,USA,America/New_York,2026-06-21 19:08,,AD-04,US_SHIFT,2,N,N,N
D19897,DSA,Vietnam,Asia/Ho_Chi_Minh,2026-06-21 20:22,2026-06-22 07:55,AD-10,IST_SHIFT,2,Y,Y,N
D85600,Meta,India,Asia/Kolkata,2026-06-21 20:23,2026-06-26 07:09,AD-07,IST_SHIFT,3,Y,Y,N
D74025,Organic,USA,America/New_York,2026-06-21 21:52,2026-06-22 19:13,AD-03,US_SHIFT,4,Y,Y,Y
D28978,Meta,USA,America/New_York,2026-06-21 21:58,,AD-05,US_SHIFT,4,N,N,N
D62816,DSA,USA,America/New_York,2026-06-22 01:37,2026-06-23 06:52,AD-03,US_SHIFT,2,Y,N,N
D36429,Google,UAE,Asia/Dubai,2026-06-22 02:04,,AD-07,IST_SHIFT,0,N,N,N
D60982,Google,USA,America/New_York,2026-06-22 02:51,2026-06-22 09:20,AD-05,US_SHIFT,2,Y,Y,N
D15641,Meta,Vietnam,Asia/Ho_Chi_Minh,2026-06-22 02:57,2026-06-22 22:36,AD-06,IST_SHIFT,2,Y,Y,N
D12411,Affiliate,UAE,Asia/Dubai,2026-06-22 03:12,2026-06-23 10:10,AD-07,IST_SHIFT,3,Y,Y,Y
D37759,Meta,India,Asia/Kolkata,2026-06-22 03:33,2026-06-26 19:59,AD-07,IST_SHIFT,1,Y,Y,Y
D33290,Google,Saudi Arabia,Asia/Riyadh,2026-06-22 03:36,2026-06-25 18:25,AD-10,IST_SHIFT,2,N,N,N
D88484,Meta,UAE,Asia/Dubai,2026-06-22 03:56,,AD-07,IST_SHIFT,2,N,N,N
D42749,Google,Vietnam,Asia/Ho_Chi_Minh,2026-06-22 04:09,,AD-10,IST_SHIFT,2,N,N,N
D90107,Organic,USA,America/New_York,2026-06-22 04:23,2026-06-23 08:20,AD-04,US_SHIFT,3,Y,Y,N
D16295,Organic,Singapore,Asia/Singapore,2026-06-22 05:15,2026-06-23 02:29,AD-12,SEA_SHIFT,2,Y,N,N
D42527,Meta,Vietnam,Asia/Ho_Chi_Minh,2026-06-22 05:37,2026-06-23 15:59,AD-10,IST_SHIFT,1,Y,Y,N
D18633,Organic,India,Asia/Kolkata,2026-06-22 05:43,2026-06-23 03:51,AD-07,IST_SHIFT,1,Y,Y,N
D71012,Meta,USA,America/New_York,2026-06-22 05:58,2026-06-23 08:08,AD-05,US_SHIFT,2,N,N,N
D85372,DSA,USA,America/New_York,2026-06-22 07:44,2026-06-23 16:10,AD-03,US_SHIFT,1,Y,N,N
D73600,Organic,UK,Europe/London,2026-06-22 08:37,2026-06-23 18:36,AD-03,US_SHIFT,4,N,N,N
D83446,Google,Vietnam,Asia/Ho_Chi_Minh,2026-06-22 08:50,2026-06-24 07:21,AD-06,IST_SHIFT,1,Y,Y,N
D17580,Meta,Vietnam,Asia/Ho_Chi_Minh,2026-06-22 09:59,2026-06-27 04:53,AD-09,IST_SHIFT,0,N,N,N
D47351,Referral,Saudi Arabia,Asia/Riyadh,2026-06-22 10:03,2026-06-24 09:10,AD-06,IST_SHIFT,1,Y,Y,N
D93848,Meta,Singapore,Asia/Singapore,2026-06-22 11:55,2026-06-23 01:12,AD-12,SEA_SHIFT,1,Y,N,N
D47474,Referral,UAE,Asia/Dubai,2026-06-22 15:00,,AD-10,IST_SHIFT,0,N,N,N
D99413,Referral,UAE,Asia/Dubai,2026-06-22 15:43,2026-06-30 02:47,AD-09,IST_SHIFT,1,N,N,N
D92118,Meta,UK,Europe/London,2026-06-22 15:47,,AD-04,US_SHIFT,1,N,N,N
D42839,DSA,UK,Europe/London,2026-06-22 16:59,,AD-01,US_SHIFT,4,N,N,N
D47396,Meta,Vietnam,Asia/Ho_Chi_Minh,2026-06-22 19:13,2026-06-24 22:41,AD-10,IST_SHIFT,3,N,N,N
D77412,Google,USA,America/New_York,2026-06-22 19:53,,AD-05,US_SHIFT,0,N,N,N
D41439,Meta,UK,Europe/London,2026-06-22 21:06,2026-06-24 06:12,AD-02,US_SHIFT,2,N,N,N
D46834,Organic,Singapore,Asia/Singapore,2026-06-22 21:29,2026-06-28 17:48,AD-12,SEA_SHIFT,2,Y,Y,Y
D24439,Affiliate,India,Asia/Kolkata,2026-06-22 21:44,2026-06-23 09:53,AD-10,IST_SHIFT,0,Y,Y,N
D47616,Google,UAE,Asia/Dubai,2026-06-22 22:16,2026-06-30 10:29,AD-07,IST_SHIFT,0,Y,Y,Y
D80617,Organic,India,Asia/Kolkata,2026-06-22 22:17,,AD-08,IST_SHIFT,1,N,N,N
D11667,Meta,USA,America/New_York,2026-06-22 22:53,,AD-03,US_SHIFT,1,N,N,N
D39850,Google,Saudi Arabia,Asia/Riyadh,2026-06-22 23:10,2026-06-23 06:54,AD-06,IST_SHIFT,1,Y,Y,N
D63097,Meta,UK,Europe/London,2026-06-22 23:50,2026-06-25 23:46,AD-01,US_SHIFT,1,N,N,N
D54579,DSA,USA,America/New_York,2026-06-23 01:17,2026-06-25 19:08,AD-05,US_SHIFT,4,Y,Y,N
D93556,Meta,Vietnam,Asia/Ho_Chi_Minh,2026-06-23 01:20,2026-06-23 10:31,AD-08,IST_SHIFT,0,Y,Y,N
D35456,Google,Vietnam,Asia/Ho_Chi_Minh,2026-06-23 02:14,2026-06-24 20:32,AD-07,IST_SHIFT,2,Y,N,N
D76100,Google,USA,America/New_York,2026-06-23 02:34,2026-06-25 01:06,AD-02,US_SHIFT,0,N,N,N
D28767,Meta,USA,America/New_York,2026-06-23 03:09,,AD-05,US_SHIFT,3,N,N,N
D68311,Meta,UAE,Asia/Dubai,2026-06-23 03:30,2026-06-27 02:11,AD-08,IST_SHIFT,2,N,N,N
D44707,Meta,USA,America/New_York,2026-06-23 03:54,2026-06-24 20:01,AD-03,US_SHIFT,3,N,N,N
D84397,Affiliate,USA,America/New_York,2026-06-23 04:10,,AD-02,US_SHIFT,3,N,N,N
D28529,Affiliate,Australia,Australia/Sydney,2026-06-23 04:59,2026-06-24 15:14,AD-12,SEA_SHIFT,1,Y,Y,N
D63062,Google,Vietnam,Asia/Ho_Chi_Minh,2026-06-23 05:08,,AD-09,IST_SHIFT,2,N,N,N
D19227,Meta,USA,America/New_York,2026-06-23 05:38,2026-06-25 02:39,AD-03,US_SHIFT,1,N,N,N
D73161,Meta,UK,Europe/London,2026-06-23 06:01,2026-07-02 00:47,AD-01,US_SHIFT,3,N,N,N
D69757,Google,USA,America/New_York,2026-06-23 06:04,2026-06-24 23:09,AD-05,US_SHIFT,3,Y,Y,N
D40843,Referral,USA,America/New_York,2026-06-23 06:08,2026-07-02 05:26,AD-04,US_SHIFT,1,N,N,N
D76064,Google,USA,America/New_York,2026-06-23 06:12,2026-06-25 23:30,AD-01,US_SHIFT,3,Y,Y,N
D58500,Meta,USA,America/New_York,2026-06-23 07:20,,AD-05,US_SHIFT,4,N,N,N
D17488,Meta,Singapore,Asia/Singapore,2026-06-23 07:34,2026-06-25 02:05,AD-12,SEA_SHIFT,2,Y,N,N
D26539,Organic,UK,Europe/London,2026-06-23 07:36,2026-06-23 19:52,AD-01,US_SHIFT,0,N,N,N
D76702,Google,UAE,Asia/Dubai,2026-06-23 07:40,2026-06-24 04:55,AD-09,IST_SHIFT,1,Y,Y,N
D79213,DSA,USA,America/New_York,2026-06-23 08:03,2026-06-25 02:31,AD-05,US_SHIFT,2,N,N,N
D31861,Affiliate,Saudi Arabia,Asia/Riyadh,2026-06-23 12:27,,AD-08,IST_SHIFT,2,N,N,N
D33536,DSA,Singapore,Asia/Singapore,2026-06-23 12:54,2026-06-24 08:54,AD-12,SEA_SHIFT,3,N,N,N
D30198,Google,Vietnam,Asia/Ho_Chi_Minh,2026-06-23 13:39,2026-06-24 01:40,AD-10,IST_SHIFT,2,Y,Y,N
D25468,Meta,USA,America/New_York,2026-06-23 14:23,,AD-05,US_SHIFT,2,N,N,N
D31943,Google,Vietnam,Asia/Ho_Chi_Minh,2026-06-23 15:12,,AD-10,IST_SHIFT,4,N,N,N
D15239,Meta,UAE,Asia/Dubai,2026-06-23 16:15,2026-06-25 08:25,AD-07,IST_SHIFT,2,N,N,N
D74645,Referral,India,Asia/Kolkata,2026-06-23 16:32,,AD-09,IST_SHIFT,4,N,N,N
D58192,Affiliate,UK,Europe/London,2026-06-23 17:00,,AD-05,US_SHIFT,1,N,N,N
D95386,Meta,UK,Europe/London,2026-06-23 17:55,2026-07-02 12:00,AD-01,US_SHIFT,1,N,N,N
D85192,Meta,Singapore,Asia/Singapore,2026-06-23 17:59,2026-06-24 18:42,AD-12,SEA_SHIFT,1,Y,Y,N
D27547,Referral,UK,Europe/London,2026-06-23 18:16,2026-06-24 16:50,AD-04,US_SHIFT,4,Y,Y,N
D13592,Meta,Vietnam,Asia/Ho_Chi_Minh,2026-06-23 21:46,2026-06-25 05:14,AD-10,IST_SHIFT,0,Y,Y,N
D87965,Meta,India,Asia/Kolkata,2026-06-23 22:21,,AD-08,IST_SHIFT,1,N,N,N
D67238,DSA,Vietnam,Asia/Ho_Chi_Minh,2026-06-24 00:07,2026-07-03 01:39,AD-10,IST_SHIFT,1,N,N,N
D54456,Google,UK,Europe/London,2026-06-24 04:12,,AD-03,US_SHIFT,2,N,N,N
D46341,Meta,Singapore,Asia/Singapore,2026-06-24 04:28,2026-06-25 15:42,AD-11,SEA_SHIFT,4,Y,Y,N
D67206,DSA,Vietnam,Asia/Ho_Chi_Minh,2026-06-24 05:01,2026-06-24 20:05,AD-07,IST_SHIFT,2,Y,Y,Y
D65776,Google,Vietnam,Asia/Ho_Chi_Minh,2026-06-24 05:29,,AD-10,IST_SHIFT,1,N,N,N
D73783,Meta,Vietnam,Asia/Ho_Chi_Minh,2026-06-24 06:13,,AD-06,IST_SHIFT,0,N,N,N
D79160,Google,Vietnam,Asia/Ho_Chi_Minh,2026-06-24 06:57,,AD-07,IST_SHIFT,4,N,N,N
D85491,Google,USA,America/New_York,2026-06-24 07:09,2026-06-25 05:35,AD-04,US_SHIFT,2,N,N,N
D68630,Meta,India,Asia/Kolkata,2026-06-24 07:17,2026-06-25 17:48,AD-07,IST_SHIFT,3,Y,Y,N
D35203,Meta,UK,Europe/London,2026-06-24 09:21,2026-06-25 22:20,AD-02,US_SHIFT,3,Y,N,N
D80455,DSA,Vietnam,Asia/Ho_Chi_Minh,2026-06-24 09:47,2026-06-26 02:28,AD-07,IST_SHIFT,2,Y,Y,Y
D75770,Google,Vietnam,Asia/Ho_Chi_Minh,2026-06-24 10:28,2026-06-25 12:53,AD-06,IST_SHIFT,2,N,N,N
D92271,Meta,Australia,Australia/Sydney,2026-06-24 10:43,2026-06-25 19:15,AD-12,SEA_SHIFT,2,Y,Y,N
D21250,Google,Singapore,Asia/Singapore,2026-06-24 12:25,2026-06-25 18:21,AD-11,SEA_SHIFT,3,Y,Y,Y
D58558,Google,Saudi Arabia,Asia/Riyadh,2026-06-24 12:41,2026-06-25 07:23,AD-08,IST_SHIFT,3,Y,Y,N
D93070,Meta,USA,America/New_York,2026-06-24 12:58,2026-06-28 09:30,AD-05,US_SHIFT,2,N,N,N
D79536,Meta,UAE,Asia/Dubai,2026-06-24 14:07,2026-06-26 08:51,AD-09,IST_SHIFT,3,Y,Y,N
D60596,Meta,USA,America/New_York,2026-06-24 14:18,2026-06-24 23:53,AD-03,US_SHIFT,1,Y,N,N
D36059,Meta,USA,America/New_York,2026-06-24 16:08,2026-06-25 18:41,AD-01,US_SHIFT,2,Y,Y,Y
D71718,Meta,UK,Europe/London,2026-06-24 16:11,2026-06-25 08:18,AD-05,US_SHIFT,0,Y,Y,Y
D88934,Meta,Vietnam,Asia/Ho_Chi_Minh,2026-06-24 17:12,2026-06-26 14:20,AD-08,IST_SHIFT,1,Y,Y,N
D90161,Meta,USA,America/New_York,2026-06-24 17:23,2026-06-25 03:22,AD-05,US_SHIFT,1,Y,Y,N
D10268,Google,USA,America/New_York,2026-06-24 17:33,2026-06-25 11:20,AD-02,US_SHIFT,3,N,N,N
D67794,Meta,India,Asia/Kolkata,2026-06-24 18:10,2026-06-26 17:37,AD-07,IST_SHIFT,1,N,N,N
D44627,Meta,USA,America/New_York,2026-06-24 18:27,2026-06-26 13:30,AD-03,US_SHIFT,4,N,N,N
D87516,Meta,USA,America/New_York,2026-06-24 18:53,,AD-05,US_SHIFT,4,N,N,N
D78016,Meta,UK,Europe/London,2026-06-24 18:56,2026-06-25 19:38,AD-05,US_SHIFT,3,N,N,N
D74415,DSA,India,Asia/Kolkata,2026-06-24 19:19,2026-06-26 16:56,AD-10,IST_SHIFT,1,Y,Y,N
D37011,Meta,Australia,Australia/Sydney,2026-06-24 19:28,,AD-12,SEA_SHIFT,2,N,N,N
D96915,Google,USA,America/New_York,2026-06-24 19:51,,AD-02,US_SHIFT,2,N,N,N
D87597,Meta,USA,America/New_York,2026-06-24 19:55,,AD-01,US_SHIFT,2,N,N,N
D75703,Meta,USA,America/New_York,2026-06-24 20:37,,AD-01,US_SHIFT,4,N,N,N
D57207,Organic,UAE,Asia/Dubai,2026-06-24 21:09,2026-06-25 19:37,AD-09,IST_SHIFT,1,Y,Y,N
D21873,Organic,USA,America/New_York,2026-06-24 22:44,2026-06-28 07:44,AD-01,US_SHIFT,2,Y,Y,N
D45987,Google,Australia,Australia/Sydney,2026-06-24 22:54,,AD-12,SEA_SHIFT,1,N,N,N
D97333,Meta,UAE,Asia/Dubai,2026-06-24 23:10,,AD-08,IST_SHIFT,2,N,N,N
D89604,Organic,UAE,Asia/Dubai,2026-06-24 23:15,2026-06-25 23:02,AD-06,IST_SHIFT,4,Y,Y,N
D21124,Affiliate,India,Asia/Kolkata,2026-06-25 01:10,,AD-10,IST_SHIFT,0,N,N,N
D17457,Google,Singapore,Asia/Singapore,2026-06-25 01:11,2026-06-26 08:59,AD-11,SEA_SHIFT,4,N,N,N
D91218,Meta,India,Asia/Kolkata,2026-06-25 01:11,,AD-06,IST_SHIFT,0,N,N,N
D21035,Google,UAE,Asia/Dubai,2026-06-25 01:38,,AD-08,IST_SHIFT,2,N,N,N
D12864,Google,USA,America/New_York,2026-06-25 02:23,2026-07-01 06:50,AD-01,US_SHIFT,1,Y,Y,N
D52578,Meta,USA,America/New_York,2026-06-25 02:43,,AD-04,US_SHIFT,2,N,N,N
D28010,Meta,Saudi Arabia,Asia/Riyadh,2026-06-25 03:19,2026-06-25 10:26,AD-08,IST_SHIFT,1,Y,Y,N
D22625,DSA,USA,America/New_York,2026-06-25 04:02,2026-06-26 04:14,AD-05,US_SHIFT,1,N,N,N
D18623,Meta,UK,Europe/London,2026-06-25 04:18,2026-07-03 23:28,AD-03,US_SHIFT,3,N,N,N
D41797,Meta,Vietnam,Asia/Ho_Chi_Minh,2026-06-25 04:34,2026-06-25 18:56,AD-06,IST_SHIFT,3,Y,Y,N
D81154,Meta,USA,America/New_York,2026-06-25 04:50,2026-06-25 20:59,AD-04,US_SHIFT,0,Y,N,N
D98314,Referral,USA,America/New_York,2026-06-25 05:03,2026-06-25 15:51,AD-02,US_SHIFT,3,Y,N,N
D93752,Meta,Saudi Arabia,Asia/Riyadh,2026-06-25 05:25,2026-07-05 04:58,AD-10,IST_SHIFT,4,Y,Y,N
D50420,Meta,Vietnam,Asia/Ho_Chi_Minh,2026-06-25 05:33,,AD-10,IST_SHIFT,4,N,N,N
D79095,Meta,Singapore,Asia/Singapore,2026-06-25 06:19,2026-07-04 03:56,AD-11,SEA_SHIFT,2,Y,Y,N
D54969,Meta,India,Asia/Kolkata,2026-06-25 06:38,,AD-07,IST_SHIFT,0,N,N,N
D84571,Google,India,Asia/Kolkata,2026-06-25 06:52,,AD-08,IST_SHIFT,2,N,N,N
D89460,Referral,India,Asia/Kolkata,2026-06-25 07:58,,AD-10,IST_SHIFT,4,N,N,N
D49940,Meta,USA,America/New_York,2026-06-25 09:22,2026-06-27 04:55,AD-02,US_SHIFT,2,Y,Y,N
D81302,Google,Saudi Arabia,Asia/Riyadh,2026-06-25 09:41,,AD-07,IST_SHIFT,0,N,N,N
D68714,Google,UAE,Asia/Dubai,2026-06-25 11:32,2026-06-27 22:54,AD-08,IST_SHIFT,4,Y,Y,N
D73707,Referral,UAE,Asia/Dubai,2026-06-25 11:37,2026-06-27 03:03,AD-09,IST_SHIFT,1,Y,Y,N
D23351,Google,UAE,Asia/Dubai,2026-06-25 14:03,2026-06-26 22:42,AD-07,IST_SHIFT,2,Y,Y,Y
D65426,Google,UK,Europe/London,2026-06-25 14:53,,AD-02,US_SHIFT,2,N,N,N
D62381,DSA,Vietnam,Asia/Ho_Chi_Minh,2026-06-25 15:59,2026-06-26 23:36,AD-10,IST_SHIFT,1,Y,Y,N
D86711,Meta,UAE,Asia/Dubai,2026-06-25 17:59,2026-06-26 16:25,AD-09,IST_SHIFT,1,Y,Y,N
D42939,Organic,UK,Europe/London,2026-06-25 18:15,,AD-04,US_SHIFT,4,N,N,N
D71935,Google,USA,America/New_York,2026-06-25 18:27,,AD-02,US_SHIFT,3,N,N,N
D74042,Google,Saudi Arabia,Asia/Riyadh,2026-06-25 18:29,2026-07-05 14:17,AD-07,IST_SHIFT,1,Y,N,N
D51367,Google,Saudi Arabia,Asia/Riyadh,2026-06-25 18:30,,AD-07,IST_SHIFT,2,N,N,N
D80088,DSA,USA,America/New_York,2026-06-25 19:23,2026-06-25 21:21,AD-01,US_SHIFT,2,N,N,N
D25204,Meta,UK,Europe/London,2026-06-25 19:27,2026-06-25 23:27,AD-02,US_SHIFT,2,Y,Y,Y
D56722,Meta,USA,America/New_York,2026-06-25 19:31,2026-06-26 21:46,AD-04,US_SHIFT,2,Y,Y,N
D32291,DSA,USA,America/New_York,2026-06-25 21:29,,AD-03,US_SHIFT,2,N,N,N
D59606,Referral,India,Asia/Kolkata,2026-06-25 22:53,2026-06-27 16:03,AD-08,IST_SHIFT,4,N,N,N
D91461,Referral,USA,America/New_York,2026-06-25 23:07,2026-06-27 15:06,AD-01,US_SHIFT,4,Y,N,N
D32606,Meta,UAE,Asia/Dubai,2026-06-26 00:20,2026-06-27 10:33,AD-10,IST_SHIFT,1,Y,Y,Y
D16422,Meta,Saudi Arabia,Asia/Riyadh,2026-06-26 00:36,2026-07-02 20:57,AD-06,IST_SHIFT,4,N,N,N
D44122,DSA,India,Asia/Kolkata,2026-06-26 03:11,2026-06-29 08:54,AD-07,IST_SHIFT,4,Y,Y,N
D83368,Meta,Australia,Australia/Sydney,2026-06-26 04:19,2026-06-26 20:35,AD-11,SEA_SHIFT,0,Y,Y,Y
D72133,Organic,Australia,Australia/Sydney,2026-06-26 04:37,,AD-12,SEA_SHIFT,1,N,N,N
D87304,Organic,Australia,Australia/Sydney,2026-06-26 04:50,2026-06-27 13:12,AD-11,SEA_SHIFT,1,Y,N,N
D82470,Google,Australia,Australia/Sydney,2026-06-26 04:52,,AD-12,SEA_SHIFT,4,N,N,N
D45511,Meta,Vietnam,Asia/Ho_Chi_Minh,2026-06-26 05:41,,AD-10,IST_SHIFT,2,N,N,N
D36528,Meta,Vietnam,Asia/Ho_Chi_Minh,2026-06-26 07:30,2026-06-27 02:07,AD-10,IST_SHIFT,1,Y,Y,N
D94554,Organic,USA,America/New_York,2026-06-26 07:56,,AD-05,US_SHIFT,3,N,N,N
D32077,Meta,USA,America/New_York,2026-06-26 07:56,,AD-03,US_SHIFT,1,N,N,N
D80195,Meta,Australia,Australia/Sydney,2026-06-26 08:06,2026-07-06 04:07,AD-12,SEA_SHIFT,1,Y,N,N
D92185,Google,USA,America/New_York,2026-06-26 08:07,2026-07-06 03:15,AD-02,US_SHIFT,1,N,N,N
D35509,Google,UK,Europe/London,2026-06-26 08:08,2026-07-06 07:27,AD-03,US_SHIFT,4,Y,Y,N
D89741,Affiliate,UK,Europe/London,2026-06-26 09:02,,AD-02,US_SHIFT,4,N,N,N
D27098,Meta,UAE,Asia/Dubai,2026-06-26 09:11,2026-06-27 18:00,AD-10,IST_SHIFT,3,Y,N,N
D82230,Meta,UK,Europe/London,2026-06-26 11:22,2026-07-06 02:26,AD-03,US_SHIFT,0,N,N,N
D77437,Meta,UK,Europe/London,2026-06-26 13:53,2026-07-04 08:48,AD-02,US_SHIFT,2,N,N,N
D21859,Affiliate,Singapore,Asia/Singapore,2026-06-26 16:36,,AD-11,SEA_SHIFT,2,N,N,N
D63558,Organic,Australia,Australia/Sydney,2026-06-26 17:01,,AD-11,SEA_SHIFT,4,N,N,N
D32154,DSA,Vietnam,Asia/Ho_Chi_Minh,2026-06-26 17:19,2026-06-27 22:51,AD-06,IST_SHIFT,1,N,N,N
D44379,Organic,USA,America/New_York,2026-06-26 21:21,2026-06-28 13:50,AD-02,US_SHIFT,2,Y,Y,N
D90426,Organic,USA,America/New_York,2026-06-26 21:46,2026-06-28 18:03,AD-02,US_SHIFT,2,N,N,N
D53576,Google,USA,America/New_York,2026-06-26 22:27,2026-07-01 05:40,AD-04,US_SHIFT,4,N,N,N
D69708,Google,Vietnam,Asia/Ho_Chi_Minh,2026-06-26 22:50,,AD-06,IST_SHIFT,2,N,N,N
D46106,Organic,USA,America/New_York,2026-06-26 23:25,2026-07-06 14:55,AD-03,US_SHIFT,1,Y,Y,N
D48522,Google,Singapore,Asia/Singapore,2026-06-27 00:26,,AD-11,SEA_SHIFT,2,N,N,N
D31317,Meta,USA,America/New_York,2026-06-27 01:12,,AD-04,US_SHIFT,0,N,N,N
D71895,Meta,USA,America/New_York,2026-06-27 02:02,,AD-04,US_SHIFT,4,N,N,N
D84728,DSA,Saudi Arabia,Asia/Riyadh,2026-06-27 04:28,2026-07-01 01:08,AD-06,IST_SHIFT,1,Y,Y,N
D13193,Meta,USA,America/New_York,2026-06-27 05:58,2026-06-28 11:37,AD-01,US_SHIFT,3,Y,Y,N
D98011,Google,USA,America/New_York,2026-06-27 06:42,2026-06-28 19:00,AD-03,US_SHIFT,3,Y,Y,Y
D52833,Organic,UAE,Asia/Dubai,2026-06-27 07:42,2026-06-28 05:54,AD-07,IST_SHIFT,2,N,N,N
D41400,DSA,USA,America/New_York,2026-06-27 07:44,,AD-02,US_SHIFT,1,N,N,N
D48409,Meta,USA,America/New_York,2026-06-27 09:31,,AD-01,US_SHIFT,1,N,N,N
D93516,Meta,USA,America/New_York,2026-06-27 13:48,2026-07-03 21:44,AD-02,US_SHIFT,1,N,N,N
D90600,DSA,Vietnam,Asia/Ho_Chi_Minh,2026-06-27 13:54,,AD-08,IST_SHIFT,2,N,N,N
D72345,Affiliate,USA,America/New_York,2026-06-27 14:36,,AD-02,US_SHIFT,1,N,N,N
D53292,Meta,Australia,Australia/Sydney,2026-06-27 15:07,2026-06-29 03:13,AD-12,SEA_SHIFT,2,Y,Y,N
D83390,DSA,USA,America/New_York,2026-06-27 17:34,2026-06-27 20:03,AD-05,US_SHIFT,3,Y,Y,N
D59695,Meta,USA,America/New_York,2026-06-27 17:34,,AD-04,US_SHIFT,1,N,N,N
D73997,Referral,USA,America/New_York,2026-06-27 17:57,2026-07-07 16:16,AD-02,US_SHIFT,2,N,N,N
D50737,Meta,India,Asia/Kolkata,2026-06-27 19:00,2026-07-04 16:54,AD-10,IST_SHIFT,3,Y,Y,Y
D13466,Meta,UAE,Asia/Dubai,2026-06-27 19:09,2026-06-29 20:15,AD-09,IST_SHIFT,1,Y,N,N
D73523,Organic,USA,America/New_York,2026-06-27 19:15,,AD-05,US_SHIFT,4,N,N,N
D34209,Google,Saudi Arabia,Asia/Riyadh,2026-06-27 19:33,,AD-09,IST_SHIFT,0,N,N,N
D15213,Meta,USA,America/New_York,2026-06-27 19:38,,AD-02,US_SHIFT,4,N,N,N
D27415,DSA,UK,Europe/London,2026-06-27 19:47,2026-06-29 00:32,AD-01,US_SHIFT,0,Y,Y,N
D33452,Meta,India,Asia/Kolkata,2026-06-27 21:26,2026-06-28 22:26,AD-09,IST_SHIFT,4,Y,Y,Y
D51390,Meta,USA,America/New_York,2026-06-27 22:43,,AD-01,US_SHIFT,2,N,N,N
D60414,DSA,UAE,Asia/Dubai,2026-06-27 22:58,2026-06-28 12:21,AD-07,IST_SHIFT,3,Y,Y,N
D39070,Meta,USA,America/New_York,2026-06-27 23:01,2026-07-07 06:46,AD-04,US_SHIFT,2,N,N,N
D82419,Organic,India,Asia/Kolkata,2026-06-27 23:01,2026-06-30 23:15,AD-06,IST_SHIFT,1,N,N,N
D85946,Meta,USA,America/New_York,2026-06-27 23:17,2026-06-30 13:16,AD-04,US_SHIFT,1,N,N,N
D27190,Google,UK,Europe/London,2026-06-27 23:19,2026-07-05 23:58,AD-01,US_SHIFT,1,N,N,N
D69417,Organic,USA,America/New_York,2026-06-27 23:28,2026-06-29 05:57,AD-04,US_SHIFT,0,N,N,N
D75282,DSA,UAE,Asia/Dubai,2026-06-28 00:05,2026-06-29 20:18,AD-09,IST_SHIFT,2,Y,Y,N
D88852,Organic,Vietnam,Asia/Ho_Chi_Minh,2026-06-28 01:20,2026-06-28 12:57,AD-10,IST_SHIFT,4,Y,Y,N
D23243,Google,USA,America/New_York,2026-06-28 01:29,2026-06-29 07:41,AD-02,US_SHIFT,4,Y,Y,Y
D33720,Google,UAE,Asia/Dubai,2026-06-28 02:04,2026-06-29 13:47,AD-10,IST_SHIFT,1,Y,Y,N
D65290,Meta,USA,America/New_York,2026-06-28 03:24,2026-06-29 12:21,AD-05,US_SHIFT,0,Y,N,N
D93672,Google,USA,America/New_York,2026-06-28 07:36,2026-06-29 13:07,AD-02,US_SHIFT,3,Y,Y,Y
D43259,Meta,USA,America/New_York,2026-06-28 07:50,2026-07-02 12:39,AD-01,US_SHIFT,2,N,N,N
D97844,Meta,USA,America/New_York,2026-06-28 07:53,,AD-03,US_SHIFT,0,N,N,N
D84495,Meta,USA,America/New_York,2026-06-28 08:46,2026-06-29 04:23,AD-02,US_SHIFT,4,Y,Y,N
D76106,Organic,UK,Europe/London,2026-06-28 09:01,2026-06-29 13:50,AD-02,US_SHIFT,1,Y,Y,N
D25572,Google,Vietnam,Asia/Ho_Chi_Minh,2026-06-28 09:13,2026-07-04 01:37,AD-09,IST_SHIFT,1,Y,Y,Y
D30815,Referral,USA,America/New_York,2026-06-28 09:23,2026-06-28 23:52,AD-02,US_SHIFT,0,N,N,N
D23121,Meta,UK,Europe/London,2026-06-28 09:52,2026-06-30 01:24,AD-03,US_SHIFT,2,Y,Y,N
D56073,Google,Australia,Australia/Sydney,2026-06-28 09:59,2026-06-29 22:05,AD-11,SEA_SHIFT,1,Y,Y,N
D10240,Affiliate,Saudi Arabia,Asia/Riyadh,2026-06-28 10:14,,AD-08,IST_SHIFT,4,N,N,N
D52088,Meta,Singapore,Asia/Singapore,2026-06-28 11:00,2026-07-01 07:45,AD-11,SEA_SHIFT,4,Y,Y,N
D64849,Meta,USA,America/New_York,2026-06-28 12:02,2026-06-29 19:06,AD-03,US_SHIFT,3,Y,Y,N
D23297,Google,USA,America/New_York,2026-06-28 12:56,,AD-04,US_SHIFT,2,N,N,N
D60787,Meta,USA,America/New_York,2026-06-28 13:13,2026-06-29 17:30,AD-01,US_SHIFT,2,N,N,N
D99388,Meta,Australia,Australia/Sydney,2026-06-28 13:25,,AD-12,SEA_SHIFT,2,N,N,N
D64920,Meta,UAE,Asia/Dubai,2026-06-28 13:47,2026-07-02 12:54,AD-07,IST_SHIFT,3,N,N,N
D43846,Meta,USA,America/New_York,2026-06-28 14:02,2026-06-30 13:03,AD-01,US_SHIFT,1,Y,Y,Y
D99028,Affiliate,Vietnam,Asia/Ho_Chi_Minh,2026-06-28 17:18,2026-06-30 12:27,AD-10,IST_SHIFT,4,Y,Y,Y
D11475,Meta,Vietnam,Asia/Ho_Chi_Minh,2026-06-28 18:38,,AD-07,IST_SHIFT,0,N,N,N
D92869,Affiliate,Vietnam,Asia/Ho_Chi_Minh,2026-06-28 18:43,,AD-10,IST_SHIFT,1,N,N,N
D55979,Meta,Australia,Australia/Sydney,2026-06-28 21:03,2026-06-30 05:04,AD-11,SEA_SHIFT,0,Y,Y,N
D59237,Google,USA,America/New_York,2026-06-28 21:59,2026-07-05 10:58,AD-03,US_SHIFT,3,Y,Y,N
D31825,Meta,USA,America/New_York,2026-06-28 22:15,2026-07-01 09:08,AD-02,US_SHIFT,2,N,N,N
D70457,Meta,USA,America/New_York,2026-06-28 23:37,2026-06-30 17:14,AD-05,US_SHIFT,2,Y,Y,N
D63106,Meta,UAE,Asia/Dubai,2026-06-29 00:15,,AD-10,IST_SHIFT,1,N,N,N
D63473,Meta,USA,America/New_York,2026-06-29 00:23,,AD-01,US_SHIFT,4,N,N,N
D29607,Google,India,Asia/Kolkata,2026-06-29 00:27,,AD-09,IST_SHIFT,1,N,N,N
D92511,Meta,Vietnam,Asia/Ho_Chi_Minh,2026-06-29 01:03,2026-07-08 11:23,AD-06,IST_SHIFT,3,Y,Y,N
D85437,Meta,Saudi Arabia,Asia/Riyadh,2026-06-29 01:06,,AD-07,IST_SHIFT,2,N,N,N
D62206,Affiliate,UK,Europe/London,2026-06-29 02:42,2026-06-30 09:02,AD-05,US_SHIFT,0,Y,Y,N
D15449,Meta,UAE,Asia/Dubai,2026-06-29 03:36,2026-07-07 13:34,AD-09,IST_SHIFT,4,Y,Y,N
D74456,DSA,UK,Europe/London,2026-06-29 03:49,2026-06-30 13:01,AD-04,US_SHIFT,0,Y,Y,Y
D40309,Google,India,Asia/Kolkata,2026-06-29 04:41,2026-07-05 09:29,AD-06,IST_SHIFT,3,Y,Y,N
D53406,Referral,Saudi Arabia,Asia/Riyadh,2026-06-29 07:41,,AD-09,IST_SHIFT,2,N,N,N
D82505,Meta,Vietnam,Asia/Ho_Chi_Minh,2026-06-29 09:25,2026-07-03 01:40,AD-08,IST_SHIFT,1,N,N,N
D51896,Meta,Saudi Arabia,Asia/Riyadh,2026-06-29 09:53,2026-07-08 18:20,AD-10,IST_SHIFT,3,Y,Y,N
D45249,Meta,India,Asia/Kolkata,2026-06-29 10:12,2026-07-01 00:39,AD-07,IST_SHIFT,3,N,N,N
D29731,Meta,India,Asia/Kolkata,2026-06-29 10:37,2026-06-29 18:02,AD-07,IST_SHIFT,2,N,N,N
D17686,Meta,Vietnam,Asia/Ho_Chi_Minh,2026-06-29 12:00,2026-06-30 17:53,AD-06,IST_SHIFT,2,Y,Y,N
D78534,Affiliate,Saudi Arabia,Asia/Riyadh,2026-06-29 13:22,,AD-10,IST_SHIFT,1,N,N,N
D35812,Organic,Vietnam,Asia/Ho_Chi_Minh,2026-06-29 16:35,,AD-10,IST_SHIFT,2,N,N,N
D87674,Google,Vietnam,Asia/Ho_Chi_Minh,2026-06-29 17:04,2026-06-29 22:11,AD-06,IST_SHIFT,4,Y,N,N
D54232,Organic,UK,Europe/London,2026-06-29 18:13,2026-07-01 06:38,AD-01,US_SHIFT,4,Y,Y,N
D21681,Google,USA,America/New_York,2026-06-29 18:17,,AD-05,US_SHIFT,1,N,N,N
D87335,Meta,USA,America/New_York,2026-06-29 18:51,,AD-05,US_SHIFT,2,N,N,N
D30437,Organic,USA,America/New_York,2026-06-29 19:00,2026-06-30 02:52,AD-03,US_SHIFT,1,Y,Y,N
D86635,DSA,India,Asia/Kolkata,2026-06-29 19:04,2026-06-30 19:22,AD-06,IST_SHIFT,1,Y,N,N
D32380,Meta,USA,America/New_York,2026-06-29 19:05,,AD-04,US_SHIFT,2,N,N,N
D45027,DSA,India,Asia/Kolkata,2026-06-29 19:18,2026-07-01 11:30,AD-10,IST_SHIFT,0,Y,N,N
D28610,Meta,USA,America/New_York,2026-06-29 19:24,2026-06-30 09:49,AD-03,US_SHIFT,4,Y,N,N
D32738,Meta,USA,America/New_York,2026-06-29 19:51,2026-06-30 08:58,AD-02,US_SHIFT,0,Y,Y,N
D61757,Organic,Vietnam,Asia/Ho_Chi_Minh,2026-06-29 20:24,,AD-06,IST_SHIFT,1,N,N,N
D75485,Meta,Vietnam,Asia/Ho_Chi_Minh,2026-06-29 20:42,2026-07-09 11:11,AD-06,IST_SHIFT,2,N,N,N
D87594,Meta,Australia,Australia/Sydney,2026-06-29 21:00,,AD-11,SEA_SHIFT,4,N,N,N
D26252,Google,India,Asia/Kolkata,2026-06-29 21:19,2026-07-09 06:30,AD-09,IST_SHIFT,4,N,N,N
D57270,Google,USA,America/New_York,2026-06-29 21:38,2026-06-30 06:17,AD-03,US_SHIFT,1,N,N,N
D40383,Meta,Saudi Arabia,Asia/Riyadh,2026-06-29 22:34,2026-06-30 17:10,AD-08,IST_SHIFT,1,Y,Y,N
D60936,Meta,Saudi Arabia,Asia/Riyadh,2026-06-29 22:56,2026-07-01 21:13,AD-07,IST_SHIFT,1,Y,Y,N
D96331,Google,USA,America/New_York,2026-06-30 00:41,2026-06-30 18:31,AD-04,US_SHIFT,1,Y,Y,N
D37990,Google,India,Asia/Kolkata,2026-06-30 00:41,2026-07-01 09:38,AD-07,IST_SHIFT,2,Y,Y,Y
D25434,Meta,UAE,Asia/Dubai,2026-06-30 01:07,,AD-08,IST_SHIFT,1,N,N,N
D11126,Google,Saudi Arabia,Asia/Riyadh,2026-06-30 01:14,,AD-08,IST_SHIFT,4,N,N,N
D40516,Meta,UK,Europe/London,2026-06-30 01:19,2026-07-02 00:21,AD-01,US_SHIFT,2,Y,Y,Y
D70923,Google,Saudi Arabia,Asia/Riyadh,2026-06-30 01:33,,AD-09,IST_SHIFT,2,N,N,N
D48263,Google,Vietnam,Asia/Ho_Chi_Minh,2026-06-30 02:38,2026-07-01 03:35,AD-10,IST_SHIFT,1,Y,N,N
D11140,Google,USA,America/New_York,2026-06-30 02:50,,AD-04,US_SHIFT,2,N,N,N
D15894,Meta,USA,America/New_York,2026-06-30 02:56,2026-06-30 13:57,AD-03,US_SHIFT,0,Y,Y,N
D20066,Google,USA,America/New_York,2026-06-30 04:35,2026-07-01 10:39,AD-05,US_SHIFT,4,N,N,N
D44291,Google,USA,America/New_York,2026-06-30 04:42,,AD-02,US_SHIFT,4,N,N,N
D98003,DSA,USA,America/New_York,2026-06-30 04:49,2026-07-01 08:23,AD-02,US_SHIFT,2,Y,Y,N
D14628,Meta,UK,Europe/London,2026-06-30 06:05,2026-07-02 04:43,AD-04,US_SHIFT,1,Y,Y,N
D98368,DSA,Vietnam,Asia/Ho_Chi_Minh,2026-06-30 06:27,,AD-06,IST_SHIFT,1,N,N,N
D19895,Meta,India,Asia/Kolkata,2026-06-30 06:54,,AD-10,IST_SHIFT,2,N,N,N
D83827,Meta,Saudi Arabia,Asia/Riyadh,2026-06-30 07:34,,AD-10,IST_SHIFT,4,N,N,N
D89938,Organic,Saudi Arabia,Asia/Riyadh,2026-06-30 07:55,,AD-07,IST_SHIFT,1,N,N,N
D91345,Meta,Vietnam,Asia/Ho_Chi_Minh,2026-06-30 08:23,,AD-06,IST_SHIFT,2,N,N,N
D76024,Meta,Saudi Arabia,Asia/Riyadh,2026-06-30 08:31,2026-07-04 09:38,AD-07,IST_SHIFT,4,N,N,N
D49523,Google,Vietnam,Asia/Ho_Chi_Minh,2026-06-30 09:07,2026-07-02 08:31,AD-06,IST_SHIFT,3,Y,Y,N
D51677,Affiliate,Saudi Arabia,Asia/Riyadh,2026-06-30 09:19,2026-07-01 12:08,AD-10,IST_SHIFT,0,Y,Y,N
D72152,Google,Saudi Arabia,Asia/Riyadh,2026-06-30 12:27,,AD-10,IST_SHIFT,2,N,N,N
D94028,Meta,USA,America/New_York,2026-06-30 12:56,,AD-04,US_SHIFT,0,N,N,N
D69870,Meta,Vietnam,Asia/Ho_Chi_Minh,2026-06-30 16:33,,AD-08,IST_SHIFT,1,N,N,N
D60593,Meta,Saudi Arabia,Asia/Riyadh,2026-06-30 18:34,2026-07-08 20:01,AD-06,IST_SHIFT,3,Y,Y,N
D68277,Meta,Singapore,Asia/Singapore,2026-06-30 19:53,2026-07-05 23:50,AD-12,SEA_SHIFT,4,N,N,N
D70719,Google,Saudi Arabia,Asia/Riyadh,2026-06-30 20:07,,AD-10,IST_SHIFT,0,N,N,N
D91767,Meta,Australia,Australia/Sydney,2026-06-30 20:19,2026-07-02 15:53,AD-12,SEA_SHIFT,2,Y,Y,N
D88343,DSA,USA,America/New_York,2026-06-30 21:31,2026-07-01 22:49,AD-02,US_SHIFT,1,Y,Y,N
D90320,Affiliate,Australia,Australia/Sydney,2026-06-30 21:45,,AD-12,SEA_SHIFT,3,N,N,N
D92098,Google,USA,America/New_York,2026-06-30 21:48,,AD-02,US_SHIFT,0,N,N,N
D99809,Meta,USA,America/New_York,2026-06-30 23:19,,AD-05,US_SHIFT,3,N,N,N
D14188,Google,USA,America/New_York,2026-06-30 23:26,2026-07-01 21:59,AD-05,US_SHIFT,0,Y,Y,N
D26726,Google,USA,America/New_York,2026-07-01 00:13,2026-07-02 11:17,AD-03,US_SHIFT,1,Y,Y,N
D66125,Meta,USA,America/New_York,2026-07-01 00:26,2026-07-03 00:22,AD-05,US_SHIFT,0,Y,Y,N
D42177,Google,USA,America/New_York,2026-07-01 01:05,,AD-04,US_SHIFT,1,N,N,N
D49598,Affiliate,USA,America/New_York,2026-07-01 01:53,,AD-02,US_SHIFT,0,N,N,N
D16971,Google,Singapore,Asia/Singapore,2026-07-01 02:28,2026-07-02 12:43,AD-11,SEA_SHIFT,2,Y,Y,N
D94468,Meta,UK,Europe/London,2026-07-01 02:54,,AD-04,US_SHIFT,1,N,N,N
D49660,Meta,UK,Europe/London,2026-07-01 03:03,,AD-02,US_SHIFT,0,N,N,N
D90571,Meta,USA,America/New_York,2026-07-01 03:13,,AD-01,US_SHIFT,2,N,N,N
D39646,Organic,USA,America/New_York,2026-07-01 03:39,2026-07-09 14:11,AD-01,US_SHIFT,1,N,N,N
D55639,Meta,Australia,Australia/Sydney,2026-07-01 03:39,,AD-12,SEA_SHIFT,0,N,N,N
D91781,Meta,UK,Europe/London,2026-07-01 03:43,2026-07-02 18:15,AD-02,US_SHIFT,0,Y,N,N
D92751,Meta,USA,America/New_York,2026-07-01 04:04,2026-07-02 18:17,AD-05,US_SHIFT,2,Y,Y,N
D61396,Google,UK,Europe/London,2026-07-01 05:10,2026-07-02 05:39,AD-02,US_SHIFT,0,Y,Y,N
D22720,Meta,USA,America/New_York,2026-07-01 05:28,,AD-02,US_SHIFT,3,N,N,N
D87676,Meta,UAE,Asia/Dubai,2026-07-01 05:36,2026-07-02 21:05,AD-09,IST_SHIFT,1,Y,Y,N
D30699,Affiliate,USA,America/New_York,2026-07-01 06:16,2026-07-08 00:47,AD-02,US_SHIFT,4,N,N,N
D35435,DSA,Australia,Australia/Sydney,2026-07-01 06:42,2026-07-02 01:39,AD-12,SEA_SHIFT,2,N,N,N
D17923,Organic,Singapore,Asia/Singapore,2026-07-01 06:43,,AD-12,SEA_SHIFT,0,N,N,N
D67867,Google,India,Asia/Kolkata,2026-07-01 07:19,2026-07-02 17:07,AD-09,IST_SHIFT,2,Y,Y,N
D26934,Organic,UAE,Asia/Dubai,2026-07-01 08:10,,AD-09,IST_SHIFT,2,N,N,N
D60929,Organic,UK,Europe/London,2026-07-01 09:51,2026-07-03 07:54,AD-04,US_SHIFT,2,Y,N,N
D65702,Meta,Vietnam,Asia/Ho_Chi_Minh,2026-07-01 10:37,2026-07-02 11:33,AD-08,IST_SHIFT,4,Y,Y,Y
D30030,Google,Australia,Australia/Sydney,2026-07-01 11:05,2026-07-02 05:22,AD-12,SEA_SHIFT,4,N,N,N
D27116,Meta,Saudi Arabia,Asia/Riyadh,2026-07-01 11:31,2026-07-02 23:26,AD-10,IST_SHIFT,3,Y,Y,Y
D47640,Google,UK,Europe/London,2026-07-01 12:24,2026-07-07 13:20,AD-01,US_SHIFT,1,N,N,N
D35868,Meta,UAE,Asia/Dubai,2026-07-01 13:18,,AD-08,IST_SHIFT,0,N,N,N
D97251,Meta,USA,America/New_York,2026-07-01 13:52,2026-07-03 17:27,AD-01,US_SHIFT,1,N,N,N
D71172,Affiliate,USA,America/New_York,2026-07-01 14:14,2026-07-02 11:03,AD-02,US_SHIFT,1,Y,Y,N
D33841,Affiliate,Singapore,Asia/Singapore,2026-07-01 14:50,,AD-12,SEA_SHIFT,2,N,N,N
D31807,Google,India,Asia/Kolkata,2026-07-01 15:21,2026-07-04 02:40,AD-09,IST_SHIFT,1,N,N,N
D86764,Google,USA,America/New_York,2026-07-01 15:22,2026-07-06 14:55,AD-02,US_SHIFT,1,Y,Y,N
D25917,Organic,Saudi Arabia,Asia/Riyadh,2026-07-01 16:29,2026-07-09 10:31,AD-08,IST_SHIFT,1,N,N,N
D43631,Affiliate,USA,America/New_York,2026-07-01 17:28,2026-07-03 10:41,AD-02,US_SHIFT,2,Y,Y,Y
D84713,DSA,USA,America/New_York,2026-07-01 19:08,,AD-03,US_SHIFT,3,N,N,N
D98043,Organic,UAE,Asia/Dubai,2026-07-01 19:46,2026-07-02 22:07,AD-06,IST_SHIFT,2,N,N,N
D16212,Google,USA,America/New_York,2026-07-01 20:24,,AD-04,US_SHIFT,4,N,N,N
D85011,Meta,Australia,Australia/Sydney,2026-07-01 20:51,,AD-12,SEA_SHIFT,4,N,N,N
D34475,Google,USA,America/New_York,2026-07-01 20:55,2026-07-01 23:16,AD-03,US_SHIFT,3,Y,Y,N
D55363,Meta,India,Asia/Kolkata,2026-07-01 21:12,2026-07-02 06:01,AD-06,IST_SHIFT,1,N,N,N
D88256,Google,Vietnam,Asia/Ho_Chi_Minh,2026-07-01 21:45,2026-07-02 07:22,AD-07,IST_SHIFT,1,Y,Y,N
D62089,Affiliate,Singapore,Asia/Singapore,2026-07-01 21:59,2026-07-03 11:37,AD-12,SEA_SHIFT,2,Y,Y,N
D34388,Google,USA,America/New_York,2026-07-01 23:28,2026-07-02 07:57,AD-04,US_SHIFT,2,Y,Y,N
D80101,Affiliate,USA,America/New_York,2026-07-01 23:58,2026-07-06 18:54,AD-03,US_SHIFT,2,Y,N,N
D88146,Meta,Vietnam,Asia/Ho_Chi_Minh,2026-07-02 00:20,2026-07-02 15:12,AD-06,IST_SHIFT,2,Y,Y,N
D97633,Referral,USA,America/New_York,2026-07-02 01:06,,AD-02,US_SHIFT,2,N,N,N
D74047,Meta,USA,America/New_York,2026-07-02 02:03,2026-07-07 04:24,AD-04,US_SHIFT,3,N,N,N
D83296,Meta,Australia,Australia/Sydney,2026-07-02 02:04,2026-07-11 12:40,AD-11,SEA_SHIFT,2,N,N,N
D58607,Meta,UK,Europe/London,2026-07-02 02:14,,AD-05,US_SHIFT,1,N,N,N
D97012,Organic,Australia,Australia/Sydney,2026-07-02 02:24,,AD-11,SEA_SHIFT,3,N,N,N
D68796,Referral,Vietnam,Asia/Ho_Chi_Minh,2026-07-02 03:15,,AD-10,IST_SHIFT,0,N,N,N
D69502,Meta,UK,Europe/London,2026-07-02 04:11,,AD-01,US_SHIFT,4,N,N,N
D53378,Meta,Vietnam,Asia/Ho_Chi_Minh,2026-07-02 07:36,2026-07-02 13:47,AD-09,IST_SHIFT,2,Y,Y,N
D75824,Meta,UK,Europe/London,2026-07-02 08:50,,AD-04,US_SHIFT,2,N,N,N
D64363,Google,USA,America/New_York,2026-07-02 09:02,2026-07-12 04:05,AD-01,US_SHIFT,2,N,N,N
D25943,Meta,Vietnam,Asia/Ho_Chi_Minh,2026-07-02 10:32,,AD-09,IST_SHIFT,0,N,N,N
D90780,Google,India,Asia/Kolkata,2026-07-02 10:42,,AD-09,IST_SHIFT,0,N,N,N
D31836,DSA,UAE,Asia/Dubai,2026-07-02 10:50,2026-07-12 04:40,AD-10,IST_SHIFT,3,N,N,N
D58093,Affiliate,Australia,Australia/Sydney,2026-07-02 11:39,2026-07-03 10:54,AD-12,SEA_SHIFT,4,N,N,N
D70422,Meta,Australia,Australia/Sydney,2026-07-02 12:45,,AD-11,SEA_SHIFT,2,N,N,N
D45198,Organic,USA,America/New_York,2026-07-02 13:04,2026-07-04 02:57,AD-03,US_SHIFT,1,Y,Y,Y
D45313,Meta,USA,America/New_York,2026-07-02 13:45,,AD-05,US_SHIFT,1,N,N,N
D55683,Meta,Singapore,Asia/Singapore,2026-07-02 15:56,,AD-11,SEA_SHIFT,1,N,N,N
D65875,Organic,Singapore,Asia/Singapore,2026-07-02 16:40,,AD-12,SEA_SHIFT,1,N,N,N
D73652,Google,Saudi Arabia,Asia/Riyadh,2026-07-02 16:42,2026-07-03 14:03,AD-10,IST_SHIFT,2,Y,Y,Y
D95297,Referral,Australia,Australia/Sydney,2026-07-02 18:12,2026-07-09 03:36,AD-12,SEA_SHIFT,1,Y,Y,N
D39825,Meta,Vietnam,Asia/Ho_Chi_Minh,2026-07-02 18:58,2026-07-04 14:31,AD-10,IST_SHIFT,1,Y,N,N
D65246,Meta,USA,America/New_York,2026-07-03 00:24,2026-07-04 13:12,AD-05,US_SHIFT,2,Y,Y,N
D12318,Referral,Vietnam,Asia/Ho_Chi_Minh,2026-07-03 01:55,2026-07-12 07:11,AD-06,IST_SHIFT,4,Y,Y,N
D80282,Organic,UAE,Asia/Dubai,2026-07-03 02:14,2026-07-06 05:03,AD-06,IST_SHIFT,4,Y,Y,N
D48062,Affiliate,USA,America/New_York,2026-07-03 02:32,2026-07-07 22:31,AD-05,US_SHIFT,1,Y,Y,N
D87717,Google,USA,America/New_York,2026-07-03 02:40,2026-07-03 21:22,AD-01,US_SHIFT,1,Y,Y,N
D79582,Organic,India,Asia/Kolkata,2026-07-03 04:21,,AD-07,IST_SHIFT,1,N,N,N
D52080,Google,USA,America/New_York,2026-07-03 04:48,2026-07-06 18:27,AD-04,US_SHIFT,2,Y,Y,N
D65017,Organic,UK,Europe/London,2026-07-03 05:51,2026-07-04 07:27,AD-01,US_SHIFT,3,N,N,N
D67268,Google,UK,Europe/London,2026-07-03 05:58,,AD-02,US_SHIFT,2,N,N,N
D32060,Meta,Saudi Arabia,Asia/Riyadh,2026-07-03 06:24,2026-07-03 14:01,AD-06,IST_SHIFT,1,Y,Y,N
D54906,Referral,Saudi Arabia,Asia/Riyadh,2026-07-03 07:37,2026-07-10 19:20,AD-09,IST_SHIFT,0,Y,Y,Y
D66900,Google,Vietnam,Asia/Ho_Chi_Minh,2026-07-03 07:54,2026-07-04 10:03,AD-08,IST_SHIFT,0,N,N,N
D81467,Meta,Australia,Australia/Sydney,2026-07-03 08:01,2026-07-03 20:25,AD-12,SEA_SHIFT,0,Y,Y,N
D66629,Meta,UAE,Asia/Dubai,2026-07-03 08:36,,AD-07,IST_SHIFT,0,N,N,N
D70880,Meta,USA,America/New_York,2026-07-03 08:56,2026-07-11 16:21,AD-03,US_SHIFT,0,N,N,N
D50722,Google,India,Asia/Kolkata,2026-07-03 09:05,2026-07-06 10:32,AD-06,IST_SHIFT,0,Y,Y,N
D85761,DSA,Singapore,Asia/Singapore,2026-07-03 10:12,2026-07-04 04:07,AD-12,SEA_SHIFT,0,N,N,N
D93381,Referral,USA,America/New_York,2026-07-03 10:26,,AD-01,US_SHIFT,2,N,N,N
D44144,Affiliate,India,Asia/Kolkata,2026-07-03 10:41,,AD-07,IST_SHIFT,4,N,N,N
D25860,Referral,Vietnam,Asia/Ho_Chi_Minh,2026-07-03 11:24,,AD-07,IST_SHIFT,1,N,N,N
D52232,Meta,UAE,Asia/Dubai,2026-07-03 11:25,2026-07-04 07:07,AD-07,IST_SHIFT,4,N,N,N
D51673,Meta,USA,America/New_York,2026-07-03 11:26,2026-07-04 14:03,AD-02,US_SHIFT,4,Y,N,N
D53489,Meta,USA,America/New_York,2026-07-03 11:42,,AD-04,US_SHIFT,2,N,N,N
D50171,Meta,India,Asia/Kolkata,2026-07-03 11:59,2026-07-10 23:10,AD-06,IST_SHIFT,1,Y,Y,N
D73465,Google,USA,America/New_York,2026-07-03 12:04,2026-07-05 06:40,AD-01,US_SHIFT,1,Y,Y,N
D89108,Meta,USA,America/New_York,2026-07-03 12:38,2026-07-05 06:50,AD-04,US_SHIFT,1,Y,Y,N
D34203,Meta,Singapore,Asia/Singapore,2026-07-03 12:40,2026-07-04 02:02,AD-12,SEA_SHIFT,3,N,N,N
D17341,Meta,USA,America/New_York,2026-07-03 15:19,2026-07-05 05:15,AD-04,US_SHIFT,1,Y,N,N
D34751,Google,India,Asia/Kolkata,2026-07-03 15:52,2026-07-04 05:42,AD-07,IST_SHIFT,2,N,N,N
D84662,Google,USA,America/New_York,2026-07-03 16:27,,AD-02,US_SHIFT,0,N,N,N
D14467,Meta,Vietnam,Asia/Ho_Chi_Minh,2026-07-03 17:02,2026-07-05 15:22,AD-06,IST_SHIFT,3,N,N,N
D97357,Meta,Vietnam,Asia/Ho_Chi_Minh,2026-07-03 18:15,2026-07-05 14:29,AD-09,IST_SHIFT,4,N,N,N
D84975,Organic,India,Asia/Kolkata,2026-07-03 19:17,,AD-10,IST_SHIFT,4,N,N,N
D32070,Organic,UK,Europe/London,2026-07-03 20:22,2026-07-04 12:22,AD-03,US_SHIFT,1,N,N,N
D76153,Meta,Vietnam,Asia/Ho_Chi_Minh,2026-07-03 20:53,2026-07-04 21:28,AD-09,IST_SHIFT,1,Y,Y,Y
D62088,Meta,Saudi Arabia,Asia/Riyadh,2026-07-03 20:58,2026-07-07 04:58,AD-06,IST_SHIFT,1,N,N,N
D79833,Meta,India,Asia/Kolkata,2026-07-03 22:06,2026-07-04 21:27,AD-07,IST_SHIFT,0,Y,N,N
D29498,Meta,USA,America/New_York,2026-07-03 22:28,2026-07-04 14:39,AD-01,US_SHIFT,0,Y,Y,N
D64626,Meta,USA,America/New_York,2026-07-03 22:50,2026-07-04 00:57,AD-02,US_SHIFT,1,Y,Y,Y
D74945,Meta,USA,America/New_York,2026-07-04 00:34,2026-07-05 07:49,AD-03,US_SHIFT,1,Y,Y,N
D54771,Google,Vietnam,Asia/Ho_Chi_Minh,2026-07-04 00:36,,AD-09,IST_SHIFT,2,N,N,N
D61997,Meta,USA,America/New_York,2026-07-04 05:58,,AD-02,US_SHIFT,0,N,N,N
D61473,Meta,Saudi Arabia,Asia/Riyadh,2026-07-04 06:16,,AD-09,IST_SHIFT,2,N,N,N
D33427,Meta,UAE,Asia/Dubai,2026-07-04 06:44,2026-07-06 02:16,AD-06,IST_SHIFT,2,N,N,N
D63710,Google,Australia,Australia/Sydney,2026-07-04 07:59,2026-07-04 21:24,AD-11,SEA_SHIFT,2,Y,Y,N
D96376,DSA,USA,America/New_York,2026-07-04 08:19,,AD-05,US_SHIFT,3,N,N,N
D56603,Meta,USA,America/New_York,2026-07-04 08:40,,AD-05,US_SHIFT,0,N,N,N
D27466,Google,Singapore,Asia/Singapore,2026-07-04 10:12,2026-07-05 10:16,AD-12,SEA_SHIFT,2,Y,N,N
D49111,Meta,USA,America/New_York,2026-07-04 10:28,2026-07-05 00:15,AD-02,US_SHIFT,1,Y,Y,N
D33080,Google,USA,America/New_York,2026-07-04 10:29,2026-07-05 08:38,AD-01,US_SHIFT,2,Y,Y,N
D32966,Google,USA,America/New_York,2026-07-04 12:54,,AD-03,US_SHIFT,1,N,N,N
D50804,Meta,UAE,Asia/Dubai,2026-07-04 13:03,,AD-10,IST_SHIFT,0,N,N,N
D26010,Meta,USA,America/New_York,2026-07-04 13:03,2026-07-04 16:47,AD-05,US_SHIFT,2,N,N,N
D25307,Meta,Vietnam,Asia/Ho_Chi_Minh,2026-07-04 13:44,,AD-06,IST_SHIFT,1,N,N,N
D73074,Meta,UK,Europe/London,2026-07-04 13:49,2026-07-06 10:18,AD-01,US_SHIFT,3,Y,Y,Y
D11787,Meta,Vietnam,Asia/Ho_Chi_Minh,2026-07-04 14:02,,AD-07,IST_SHIFT,2,N,N,N
D17521,Meta,UK,Europe/London,2026-07-04 15:14,,AD-04,US_SHIFT,4,N,N,N
D27006,Meta,UAE,Asia/Dubai,2026-07-04 16:53,,AD-10,IST_SHIFT,1,N,N,N
D50608,Google,UAE,Asia/Dubai,2026-07-04 17:51,2026-07-06 08:45,AD-10,IST_SHIFT,1,Y,Y,Y
D85899,Referral,Singapore,Asia/Singapore,2026-07-04 18:00,,AD-11,SEA_SHIFT,3,N,N,N
D89055,Meta,USA,America/New_York,2026-07-04 18:04,,AD-04,US_SHIFT,2,N,N,N
D83574,Meta,UK,Europe/London,2026-07-04 18:21,2026-07-05 22:10,AD-03,US_SHIFT,3,Y,Y,N
D77699,Affiliate,UK,Europe/London,2026-07-04 19:10,2026-07-06 15:23,AD-01,US_SHIFT,0,Y,Y,N
D74583,Meta,Vietnam,Asia/Ho_Chi_Minh,2026-07-04 19:34,2026-07-05 17:37,AD-10,IST_SHIFT,2,N,N,N
D75033,Meta,Singapore,Asia/Singapore,2026-07-04 20:09,,AD-11,SEA_SHIFT,3,N,N,N
D94540,Meta,UAE,Asia/Dubai,2026-07-04 22:43,2026-07-05 15:57,AD-10,IST_SHIFT,0,Y,N,N
D54503,Affiliate,USA,America/New_York,2026-07-05 00:20,2026-07-05 22:29,AD-05,US_SHIFT,1,N,N,N
D50009,Google,Vietnam,Asia/Ho_Chi_Minh,2026-07-05 00:53,2026-07-05 06:14,AD-06,IST_SHIFT,1,Y,Y,Y
D40039,DSA,USA,America/New_York,2026-07-05 01:04,2026-07-05 22:48,AD-03,US_SHIFT,3,N,N,N
D31795,Google,UAE,Asia/Dubai,2026-07-05 01:13,,AD-07,IST_SHIFT,2,N,N,N
D47355,Meta,India,Asia/Kolkata,2026-07-05 01:38,,AD-09,IST_SHIFT,4,N,N,N
D85844,Affiliate,USA,America/New_York,2026-07-05 03:23,,AD-04,US_SHIFT,4,N,N,N
D69764,Meta,USA,America/New_York,2026-07-05 04:00,2026-07-09 00:34,AD-01,US_SHIFT,2,N,N,N
D32997,Google,UAE,Asia/Dubai,2026-07-05 04:26,,AD-06,IST_SHIFT,4,N,N,N
D42010,Meta,UK,Europe/London,2026-07-05 05:01,2026-07-05 16:48,AD-04,US_SHIFT,2,N,N,N
D71643,Affiliate,Saudi Arabia,Asia/Riyadh,2026-07-05 05:31,2026-07-06 00:21,AD-08,IST_SHIFT,4,Y,Y,N
D75919,Google,USA,America/New_York,2026-07-05 06:58,2026-07-06 22:51,AD-02,US_SHIFT,4,Y,Y,N
D25152,Meta,Singapore,Asia/Singapore,2026-07-05 07:01,,AD-12,SEA_SHIFT,3,N,N,N
D19715,Meta,UK,Europe/London,2026-07-05 08:17,,AD-01,US_SHIFT,3,N,N,N
D20333,Meta,Saudi Arabia,Asia/Riyadh,2026-07-05 08:34,,AD-10,IST_SHIFT,1,N,N,N
D31770,Google,Singapore,Asia/Singapore,2026-07-05 11:20,2026-07-05 18:38,AD-12,SEA_SHIFT,3,N,N,N
D50008,Google,India,Asia/Kolkata,2026-07-05 11:32,,AD-10,IST_SHIFT,3,N,N,N
D76927,Meta,Vietnam,Asia/Ho_Chi_Minh,2026-07-05 14:53,2026-07-06 21:01,AD-10,IST_SHIFT,1,Y,Y,N
D14234,Affiliate,UK,Europe/London,2026-07-05 15:30,2026-07-11 10:56,AD-05,US_SHIFT,0,N,N,N
D69021,DSA,Australia,Australia/Sydney,2026-07-05 19:31,,AD-12,SEA_SHIFT,3,N,N,N
D88060,Meta,Saudi Arabia,Asia/Riyadh,2026-07-05 19:52,,AD-08,IST_SHIFT,1,N,N,N
D84842,Google,Vietnam,Asia/Ho_Chi_Minh,2026-07-05 19:58,2026-07-14 08:23,AD-09,IST_SHIFT,2,N,N,N
D20406,Organic,UAE,Asia/Dubai,2026-07-05 21:30,2026-07-08 10:00,AD-06,IST_SHIFT,1,Y,Y,N
D81123,Google,Singapore,Asia/Singapore,2026-07-05 21:50,2026-07-06 05:05,AD-12,SEA_SHIFT,4,N,N,N
D23251,Meta,Saudi Arabia,Asia/Riyadh,2026-07-05 23:16,2026-07-12 01:51,AD-08,IST_SHIFT,0,Y,Y,N
D78684,Affiliate,Singapore,Asia/Singapore,2026-07-06 01:06,2026-07-06 03:14,AD-11,SEA_SHIFT,4,Y,Y,N
D34776,Meta,Saudi Arabia,Asia/Riyadh,2026-07-06 01:24,,AD-10,IST_SHIFT,4,N,N,N
D11584,Google,Singapore,Asia/Singapore,2026-07-06 01:47,2026-07-08 20:26,AD-11,SEA_SHIFT,4,Y,Y,N
D98822,Meta,USA,America/New_York,2026-07-06 02:27,,AD-03,US_SHIFT,1,N,N,N
D48406,Google,Australia,Australia/Sydney,2026-07-06 02:41,2026-07-13 01:01,AD-11,SEA_SHIFT,0,N,N,N
D47263,Google,Vietnam,Asia/Ho_Chi_Minh,2026-07-06 02:53,,AD-08,IST_SHIFT,3,N,N,N
D38820,Google,Singapore,Asia/Singapore,2026-07-06 02:59,2026-07-12 22:53,AD-11,SEA_SHIFT,1,N,N,N
D63817,DSA,USA,America/New_York,2026-07-06 03:45,2026-07-07 10:02,AD-01,US_SHIFT,1,Y,Y,N
D87819,Organic,Vietnam,Asia/Ho_Chi_Minh,2026-07-06 04:15,2026-07-10 01:34,AD-10,IST_SHIFT,2,N,N,N
D52511,Google,Vietnam,Asia/Ho_Chi_Minh,2026-07-06 05:13,,AD-06,IST_SHIFT,0,N,N,N
D75450,Meta,India,Asia/Kolkata,2026-07-06 05:18,2026-07-07 01:04,AD-07,IST_SHIFT,1,Y,N,N
D85621,Meta,Vietnam,Asia/Ho_Chi_Minh,2026-07-06 05:24,,AD-07,IST_SHIFT,1,N,N,N
D55241,Meta,UK,Europe/London,2026-07-06 05:25,2026-07-07 12:17,AD-04,US_SHIFT,3,Y,Y,N
D49295,Google,USA,America/New_York,2026-07-06 05:29,2026-07-06 21:13,AD-04,US_SHIFT,1,Y,Y,N
D96127,Meta,Vietnam,Asia/Ho_Chi_Minh,2026-07-06 05:45,2026-07-06 23:23,AD-06,IST_SHIFT,1,Y,N,N
D98136,Organic,UAE,Asia/Dubai,2026-07-06 07:14,,AD-10,IST_SHIFT,2,N,N,N
D21567,Meta,UAE,Asia/Dubai,2026-07-06 07:16,,AD-09,IST_SHIFT,2,N,N,N
D42273,Meta,UAE,Asia/Dubai,2026-07-06 07:32,2026-07-07 06:01,AD-06,IST_SHIFT,0,Y,Y,N
D86155,Meta,India,Asia/Kolkata,2026-07-06 07:59,2026-07-13 09:27,AD-07,IST_SHIFT,2,N,N,N
D32308,DSA,USA,America/New_York,2026-07-06 08:04,2026-07-06 18:37,AD-02,US_SHIFT,0,Y,Y,Y
D36630,Affiliate,Australia,Australia/Sydney,2026-07-06 08:24,2026-07-13 06:33,AD-12,SEA_SHIFT,3,Y,Y,N
D73603,Google,Vietnam,Asia/Ho_Chi_Minh,2026-07-06 09:21,2026-07-07 10:59,AD-10,IST_SHIFT,1,Y,Y,N
D41722,Google,UK,Europe/London,2026-07-06 09:49,2026-07-14 13:56,AD-03,US_SHIFT,2,N,N,N
D50682,Google,USA,America/New_York,2026-07-06 09:55,2026-07-16 09:17,AD-02,US_SHIFT,1,Y,Y,N
D60522,Affiliate,USA,America/New_York,2026-07-06 10:49,2026-07-16 03:59,AD-02,US_SHIFT,0,Y,Y,N
D29032,Google,Saudi Arabia,Asia/Riyadh,2026-07-06 11:03,,AD-08,IST_SHIFT,1,N,N,N
D97792,Google,Vietnam,Asia/Ho_Chi_Minh,2026-07-06 11:03,2026-07-07 00:34,AD-10,IST_SHIFT,1,Y,Y,N
D12789,Meta,USA,America/New_York,2026-07-06 11:12,2026-07-07 23:04,AD-01,US_SHIFT,1,Y,Y,N
D91398,Meta,UAE,Asia/Dubai,2026-07-06 11:59,2026-07-11 02:19,AD-09,IST_SHIFT,4,Y,Y,Y
D98923,Meta,USA,America/New_York,2026-07-06 12:32,2026-07-12 03:51,AD-03,US_SHIFT,3,N,N,N
D24608,Meta,USA,America/New_York,2026-07-06 12:42,2026-07-08 11:07,AD-03,US_SHIFT,2,Y,Y,Y
D96656,Google,India,Asia/Kolkata,2026-07-06 13:36,,AD-07,IST_SHIFT,2,N,N,N
D22873,DSA,Saudi Arabia,Asia/Riyadh,2026-07-06 13:57,2026-07-09 01:12,AD-06,IST_SHIFT,0,Y,N,N
D12559,Google,USA,America/New_York,2026-07-06 14:35,,AD-03,US_SHIFT,3,N,N,N
D75404,Meta,Saudi Arabia,Asia/Riyadh,2026-07-06 14:55,,AD-10,IST_SHIFT,3,N,N,N
D62351,DSA,Vietnam,Asia/Ho_Chi_Minh,2026-07-06 15:59,2026-07-12 15:45,AD-07,IST_SHIFT,4,Y,Y,N
D12173,Organic,India,Asia/Kolkata,2026-07-06 17:22,,AD-09,IST_SHIFT,4,N,N,N
D80471,Meta,Australia,Australia/Sydney,2026-07-06 17:23,2026-07-06 23:19,AD-12,SEA_SHIFT,1,Y,Y,Y
D75075,Meta,Vietnam,Asia/Ho_Chi_Minh,2026-07-06 17:46,2026-07-10 22:40,AD-09,IST_SHIFT,4,N,N,N
D58438,Google,USA,America/New_York,2026-07-06 19:20,,AD-04,US_SHIFT,0,N,N,N
D67441,Organic,India,Asia/Kolkata,2026-07-06 19:34,2026-07-07 21:24,AD-10,IST_SHIFT,3,N,N,N
D62712,Meta,USA,America/New_York,2026-07-06 22:05,2026-07-16 17:29,AD-03,US_SHIFT,2,N,N,N
D16558,Meta,India,Asia/Kolkata,2026-07-06 23:10,,AD-09,IST_SHIFT,4,N,N,N
D30540,Meta,Vietnam,Asia/Ho_Chi_Minh,2026-07-06 23:41,,AD-09,IST_SHIFT,1,N,N,N
D76480,Organic,Singapore,Asia/Singapore,2026-07-07 00:40,,AD-12,SEA_SHIFT,2,N,N,N
D59470,Google,India,Asia/Kolkata,2026-07-07 00:48,2026-07-07 14:20,AD-07,IST_SHIFT,4,Y,Y,N
D48437,Meta,UAE,Asia/Dubai,2026-07-07 00:59,2026-07-08 05:32,AD-07,IST_SHIFT,1,Y,Y,N
D91752,Meta,Singapore,Asia/Singapore,2026-07-07 02:32,2026-07-10 17:25,AD-11,SEA_SHIFT,1,N,N,N
D59357,Google,UAE,Asia/Dubai,2026-07-07 03:23,,AD-07,IST_SHIFT,2,N,N,N
D35339,DSA,Singapore,Asia/Singapore,2026-07-07 03:35,2026-07-07 14:01,AD-12,SEA_SHIFT,4,N,N,N
D89375,Meta,UK,Europe/London,2026-07-07 04:04,2026-07-07 20:45,AD-01,US_SHIFT,2,Y,Y,Y
D32106,Referral,USA,America/New_York,2026-07-07 05:19,2026-07-08 22:42,AD-02,US_SHIFT,4,N,N,N
D40946,Meta,USA,America/New_York,2026-07-07 06:05,2026-07-08 10:17,AD-01,US_SHIFT,0,Y,N,N
D37533,Meta,USA,America/New_York,2026-07-07 06:06,2026-07-14 02:18,AD-05,US_SHIFT,3,N,N,N
D40257,Meta,Saudi Arabia,Asia/Riyadh,2026-07-07 07:22,,AD-08,IST_SHIFT,3,N,N,N
D85843,Meta,Singapore,Asia/Singapore,2026-07-07 07:31,,AD-12,SEA_SHIFT,1,N,N,N
D79503,Google,USA,America/New_York,2026-07-07 08:45,2026-07-07 17:27,AD-04,US_SHIFT,3,Y,Y,Y
D66746,Google,UK,Europe/London,2026-07-07 09:03,2026-07-08 19:53,AD-01,US_SHIFT,2,N,N,N
D57292,DSA,Vietnam,Asia/Ho_Chi_Minh,2026-07-07 10:14,,AD-06,IST_SHIFT,0,N,N,N
D25457,DSA,USA,America/New_York,2026-07-07 12:48,2026-07-15 19:52,AD-04,US_SHIFT,2,N,N,N
D49792,DSA,Vietnam,Asia/Ho_Chi_Minh,2026-07-07 12:50,2026-07-08 03:44,AD-07,IST_SHIFT,3,Y,Y,N
D72246,Meta,Singapore,Asia/Singapore,2026-07-07 12:54,,AD-12,SEA_SHIFT,3,N,N,N
D96279,Meta,UK,Europe/London,2026-07-07 13:05,,AD-04,US_SHIFT,4,N,N,N
D95362,Meta,USA,America/New_York,2026-07-07 14:27,2026-07-09 21:56,AD-02,US_SHIFT,2,N,N,N
D98961,Google,India,Asia/Kolkata,2026-07-07 15:50,2026-07-13 21:11,AD-07,IST_SHIFT,2,N,N,N
D64254,Meta,UAE,Asia/Dubai,2026-07-07 15:59,2026-07-08 01:45,AD-10,IST_SHIFT,0,Y,N,N
D28675,Google,Vietnam,Asia/Ho_Chi_Minh,2026-07-07 16:56,,AD-07,IST_SHIFT,1,N,N,N
D89184,Meta,UAE,Asia/Dubai,2026-07-07 17:03,,AD-09,IST_SHIFT,0,N,N,N
D57128,Organic,USA,America/New_York,2026-07-07 17:24,,AD-01,US_SHIFT,0,N,N,N
D65364,Meta,USA,America/New_York,2026-07-07 17:33,2026-07-09 16:37,AD-01,US_SHIFT,0,Y,Y,Y
D27080,Organic,USA,America/New_York,2026-07-07 18:04,,AD-01,US_SHIFT,4,N,N,N
D12409,Meta,USA,America/New_York,2026-07-07 18:16,2026-07-14 23:06,AD-04,US_SHIFT,1,Y,Y,N
D66676,Meta,UAE,Asia/Dubai,2026-07-07 18:38,,AD-09,IST_SHIFT,2,N,N,N
D96831,Meta,Vietnam,Asia/Ho_Chi_Minh,2026-07-07 19:24,2026-07-08 23:52,AD-08,IST_SHIFT,2,Y,Y,N
D77275,Meta,UK,Europe/London,2026-07-07 19:27,2026-07-09 14:43,AD-03,US_SHIFT,2,Y,Y,N
D64932,Meta,Vietnam,Asia/Ho_Chi_Minh,2026-07-07 20:26,,AD-07,IST_SHIFT,3,N,N,N
D26053,Meta,Australia,Australia/Sydney,2026-07-07 20:59,2026-07-09 06:23,AD-12,SEA_SHIFT,1,Y,N,N
D47332,Meta,India,Asia/Kolkata,2026-07-07 22:09,2026-07-10 19:43,AD-07,IST_SHIFT,1,N,N,N
D47388,Meta,Vietnam,Asia/Ho_Chi_Minh,2026-07-07 23:04,,AD-09,IST_SHIFT,2,N,N,N
D86984,Meta,USA,America/New_York,2026-07-07 23:13,2026-07-08 19:17,AD-02,US_SHIFT,1,Y,Y,N
D60921,Meta,Vietnam,Asia/Ho_Chi_Minh,2026-07-07 23:27,2026-07-09 14:29,AD-10,IST_SHIFT,0,N,N,N
D39706,Meta,Australia,Australia/Sydney,2026-07-07 23:31,2026-07-10 08:08,AD-12,SEA_SHIFT,1,N,N,N
D74289,Meta,Australia,Australia/Sydney,2026-07-07 23:55,2026-07-17 18:07,AD-11,SEA_SHIFT,0,N,N,N
D71805,Organic,Australia,Australia/Sydney,2026-07-08 03:26,,AD-12,SEA_SHIFT,1,N,N,N
D13342,Meta,Vietnam,Asia/Ho_Chi_Minh,2026-07-08 04:33,2026-07-08 19:31,AD-06,IST_SHIFT,1,Y,Y,N
D51962,Google,Australia,Australia/Sydney,2026-07-08 04:56,2026-07-09 08:23,AD-11,SEA_SHIFT,2,Y,Y,Y
D75947,Google,USA,America/New_York,2026-07-08 05:05,2026-07-09 00:04,AD-02,US_SHIFT,0,N,N,N
D11552,Organic,Saudi Arabia,Asia/Riyadh,2026-07-08 05:40,,AD-08,IST_SHIFT,1,N,N,N
D33447,Referral,UK,Europe/London,2026-07-08 05:54,,AD-02,US_SHIFT,3,N,N,N
D75818,Meta,India,Asia/Kolkata,2026-07-08 07:37,2026-07-09 20:08,AD-07,IST_SHIFT,1,N,N,N
D96774,DSA,USA,America/New_York,2026-07-08 10:21,,AD-02,US_SHIFT,0,N,N,N
D29557,Meta,UAE,Asia/Dubai,2026-07-08 12:25,2026-07-10 04:32,AD-09,IST_SHIFT,3,Y,Y,Y
D69931,Organic,UK,Europe/London,2026-07-08 12:51,2026-07-10 09:42,AD-03,US_SHIFT,0,N,N,N
D80302,Referral,USA,America/New_York,2026-07-08 12:54,2026-07-18 05:34,AD-05,US_SHIFT,1,N,N,N
D27704,DSA,Australia,Australia/Sydney,2026-07-08 13:16,,AD-11,SEA_SHIFT,4,N,N,N
D87227,Google,Australia,Australia/Sydney,2026-07-08 15:09,2026-07-16 05:34,AD-12,SEA_SHIFT,0,Y,Y,N
D13601,Referral,UK,Europe/London,2026-07-08 15:21,2026-07-09 19:14,AD-03,US_SHIFT,3,Y,Y,N
D32392,Google,USA,America/New_York,2026-07-08 15:56,2026-07-08 21:59,AD-01,US_SHIFT,2,Y,N,N
D96373,Meta,USA,America/New_York,2026-07-08 16:10,2026-07-14 20:40,AD-05,US_SHIFT,2,Y,Y,N
D98809,Meta,Singapore,Asia/Singapore,2026-07-08 16:44,,AD-11,SEA_SHIFT,2,N,N,N
D16823,Meta,UAE,Asia/Dubai,2026-07-08 18:47,,AD-07,IST_SHIFT,4,N,N,N
D73854,Meta,Singapore,Asia/Singapore,2026-07-08 19:04,2026-07-16 20:10,AD-11,SEA_SHIFT,2,N,N,N
D41245,Meta,USA,America/New_York,2026-07-08 19:09,2026-07-09 13:28,AD-02,US_SHIFT,2,Y,N,N
D10343,Google,India,Asia/Kolkata,2026-07-08 19:42,,AD-06,IST_SHIFT,2,N,N,N
D12787,Meta,USA,America/New_York,2026-07-08 20:33,2026-07-09 20:07,AD-03,US_SHIFT,2,Y,Y,Y
D76409,Google,Vietnam,Asia/Ho_Chi_Minh,2026-07-08 21:50,,AD-08,IST_SHIFT,0,N,N,N
D46310,Meta,USA,America/New_York,2026-07-08 22:03,2026-07-14 12:51,AD-04,US_SHIFT,1,Y,Y,N
D70529,Meta,Vietnam,Asia/Ho_Chi_Minh,2026-07-08 22:09,,AD-08,IST_SHIFT,1,N,N,N
D82825,Google,India,Asia/Kolkata,2026-07-08 23:18,2026-07-09 14:07,AD-09,IST_SHIFT,2,N,N,N
D66460,Google,Saudi Arabia,Asia/Riyadh,2026-07-08 23:34,2026-07-09 21:06,AD-08,IST_SHIFT,0,Y,Y,Y
D71482,Google,India,Asia/Kolkata,2026-07-08 23:39,2026-07-17 15:43,AD-06,IST_SHIFT,2,Y,Y,N
D11204,Meta,USA,America/New_York,2026-07-09 00:09,2026-07-09 19:07,AD-02,US_SHIFT,2,Y,Y,N
D37601,Meta,Saudi Arabia,Asia/Riyadh,2026-07-09 00:34,2026-07-09 05:55,AD-07,IST_SHIFT,2,Y,Y,N
D12640,Organic,India,Asia/Kolkata,2026-07-09 00:55,2026-07-09 07:59,AD-07,IST_SHIFT,2,Y,Y,Y
D97942,Affiliate,UAE,Asia/Dubai,2026-07-09 01:45,2026-07-16 21:45,AD-09,IST_SHIFT,0,N,N,N
D41143,Meta,USA,America/New_York,2026-07-09 04:01,2026-07-10 04:03,AD-03,US_SHIFT,1,Y,Y,N
D50111,DSA,USA,America/New_York,2026-07-09 04:21,,AD-01,US_SHIFT,1,N,N,N
D57056,Google,India,Asia/Kolkata,2026-07-09 05:20,2026-07-12 04:14,AD-10,IST_SHIFT,2,Y,Y,N
D70806,Organic,USA,America/New_York,2026-07-09 05:54,2026-07-09 06:55,AD-03,US_SHIFT,0,N,N,N
D33866,Google,USA,America/New_York,2026-07-09 06:02,2026-07-10 18:23,AD-02,US_SHIFT,1,N,N,N
D66622,Meta,Saudi Arabia,Asia/Riyadh,2026-07-09 06:11,,AD-09,IST_SHIFT,2,N,N,N
D10272,Meta,USA,America/New_York,2026-07-09 06:13,2026-07-17 22:27,AD-04,US_SHIFT,1,N,N,N
D36914,Meta,USA,America/New_York,2026-07-09 06:30,2026-07-09 18:50,AD-01,US_SHIFT,1,Y,N,N
D39333,Organic,USA,America/New_York,2026-07-09 06:32,2026-07-09 13:18,AD-03,US_SHIFT,3,Y,Y,Y
D90837,Meta,USA,America/New_York,2026-07-09 06:32,2026-07-09 18:52,AD-02,US_SHIFT,4,Y,Y,N
D88570,Organic,Australia,Australia/Sydney,2026-07-09 07:01,2026-07-10 01:27,AD-11,SEA_SHIFT,1,Y,Y,Y
D95524,Organic,USA,America/New_York,2026-07-09 07:12,,AD-01,US_SHIFT,1,N,N,N
D66881,Google,Australia,Australia/Sydney,2026-07-09 08:43,2026-07-09 10:15,AD-12,SEA_SHIFT,4,N,N,N
D24870,Google,Vietnam,Asia/Ho_Chi_Minh,2026-07-09 09:29,2026-07-10 17:47,AD-08,IST_SHIFT,1,Y,Y,N
D19544,Affiliate,USA,America/New_York,2026-07-09 10:53,2026-07-19 10:21,AD-01,US_SHIFT,4,Y,Y,N
D25626,DSA,Saudi Arabia,Asia/Riyadh,2026-07-09 12:05,2026-07-16 06:51,AD-10,IST_SHIFT,1,N,N,N
D98471,Meta,Saudi Arabia,Asia/Riyadh,2026-07-09 12:17,,AD-07,IST_SHIFT,1,N,N,N
D18199,Google,UK,Europe/London,2026-07-09 12:45,2026-07-10 17:34,AD-05,US_SHIFT,1,Y,Y,N
D92561,Google,Vietnam,Asia/Ho_Chi_Minh,2026-07-09 13:31,2026-07-10 04:41,AD-08,IST_SHIFT,3,N,N,N
D75584,Meta,Vietnam,Asia/Ho_Chi_Minh,2026-07-09 13:33,2026-07-10 06:57,AD-08,IST_SHIFT,0,Y,Y,Y
D23364,Meta,USA,America/New_York,2026-07-09 14:49,,AD-02,US_SHIFT,0,N,N,N
D91678,Google,UK,Europe/London,2026-07-09 16:33,2026-07-17 00:04,AD-03,US_SHIFT,2,N,N,N
D99133,Meta,USA,America/New_York,2026-07-09 16:39,,AD-03,US_SHIFT,4,N,N,N
D50235,Meta,USA,America/New_York,2026-07-09 20:12,2026-07-14 10:48,AD-03,US_SHIFT,1,N,N,N
D71030,Meta,Singapore,Asia/Singapore,2026-07-09 21:49,2026-07-11 12:56,AD-11,SEA_SHIFT,3,Y,Y,N
D58662,Meta,India,Asia/Kolkata,2026-07-09 21:51,,AD-09,IST_SHIFT,0,N,N,N
D87021,Meta,Saudi Arabia,Asia/Riyadh,2026-07-09 23:30,,AD-06,IST_SHIFT,3,N,N,N
D24407,DSA,India,Asia/Kolkata,2026-07-10 00:23,,AD-07,IST_SHIFT,3,N,N,N
D17761,DSA,Saudi Arabia,Asia/Riyadh,2026-07-10 01:41,2026-07-10 14:26,AD-10,IST_SHIFT,2,Y,Y,N
D47941,Organic,USA,America/New_York,2026-07-10 03:56,2026-07-11 07:54,AD-03,US_SHIFT,2,Y,N,N
D15431,Organic,Vietnam,Asia/Ho_Chi_Minh,2026-07-10 04:12,2026-07-11 01:09,AD-10,IST_SHIFT,1,Y,Y,N
D85750,Meta,Vietnam,Asia/Ho_Chi_Minh,2026-07-10 04:14,,AD-10,IST_SHIFT,4,N,N,N
D25571,Referral,India,Asia/Kolkata,2026-07-10 04:27,2026-07-11 18:21,AD-10,IST_SHIFT,1,Y,Y,N
D85204,Google,UAE,Asia/Dubai,2026-07-10 04:31,2026-07-10 14:36,AD-10,IST_SHIFT,0,N,N,N
D35919,Meta,Australia,Australia/Sydney,2026-07-10 05:04,2026-07-11 10:01,AD-12,SEA_SHIFT,2,Y,Y,N
D49649,Meta,Singapore,Asia/Singapore,2026-07-10 05:08,2026-07-11 17:24,AD-11,SEA_SHIFT,3,N,N,N
D27483,Organic,Vietnam,Asia/Ho_Chi_Minh,2026-07-10 09:38,2026-07-11 22:16,AD-07,IST_SHIFT,4,N,N,N
D30890,Meta,India,Asia/Kolkata,2026-07-10 10:15,2026-07-19 22:20,AD-10,IST_SHIFT,1,N,N,N
D54142,Google,Vietnam,Asia/Ho_Chi_Minh,2026-07-10 10:22,,AD-08,IST_SHIFT,3,N,N,N
D24524,Meta,Vietnam,Asia/Ho_Chi_Minh,2026-07-10 13:32,,AD-08,IST_SHIFT,1,N,N,N
D22504,Google,India,Asia/Kolkata,2026-07-10 15:32,2026-07-11 11:59,AD-07,IST_SHIFT,0,N,N,N
D63730,Organic,India,Asia/Kolkata,2026-07-10 17:18,2026-07-20 06:36,AD-08,IST_SHIFT,0,N,N,N
D36897,Affiliate,USA,America/New_York,2026-07-10 17:48,,AD-04,US_SHIFT,2,N,N,N
D10085,Organic,Vietnam,Asia/Ho_Chi_Minh,2026-07-10 18:08,2026-07-12 00:50,AD-06,IST_SHIFT,2,N,N,N
D35247,Meta,Vietnam,Asia/Ho_Chi_Minh,2026-07-10 20:37,2026-07-12 05:10,AD-09,IST_SHIFT,2,Y,Y,N
D89521,Meta,Vietnam,Asia/Ho_Chi_Minh,2026-07-10 20:43,,AD-06,IST_SHIFT,1,N,N,N
D96970,Meta,UAE,Asia/Dubai,2026-07-10 20:44,2026-07-11 20:00,AD-07,IST_SHIFT,2,N,N,N
D84534,Meta,USA,America/New_York,2026-07-10 21:16,2026-07-12 07:40,AD-02,US_SHIFT,2,N,N,N
D81975,Meta,UK,Europe/London,2026-07-10 21:18,2026-07-19 18:13,AD-04,US_SHIFT,2,Y,Y,N
D25310,Meta,USA,America/New_York,2026-07-10 22:05,,AD-03,US_SHIFT,4,N,N,N
D78176,DSA,India,Asia/Kolkata,2026-07-10 22:16,2026-07-13 23:24,AD-10,IST_SHIFT,2,N,N,N
D14383,Google,USA,America/New_York,2026-07-11 00:41,2026-07-17 10:41,AD-03,US_SHIFT,0,N,N,N
D77485,Meta,UK,Europe/London,2026-07-11 02:34,2026-07-11 19:39,AD-03,US_SHIFT,3,Y,Y,N
D38135,DSA,USA,America/New_York,2026-07-11 03:05,,AD-01,US_SHIFT,4,N,N,N
D60690,Google,UAE,Asia/Dubai,2026-07-11 03:59,2026-07-15 08:57,AD-07,IST_SHIFT,2,N,N,N
D68492,Meta,Vietnam,Asia/Ho_Chi_Minh,2026-07-11 05:39,2026-07-17 15:09,AD-10,IST_SHIFT,0,N,N,N
D76493,Google,UK,Europe/London,2026-07-11 05:56,2026-07-11 21:15,AD-03,US_SHIFT,3,Y,Y,Y
D28513,Meta,Saudi Arabia,Asia/Riyadh,2026-07-11 06:35,2026-07-14 03:08,AD-10,IST_SHIFT,2,Y,Y,N
D63139,Google,USA,America/New_York,2026-07-11 07:56,,AD-01,US_SHIFT,0,N,N,N
D27414,Meta,UAE,Asia/Dubai,2026-07-11 08:07,,AD-08,IST_SHIFT,4,N,N,N
D92814,Google,Vietnam,Asia/Ho_Chi_Minh,2026-07-11 08:48,,AD-09,IST_SHIFT,3,N,N,N
D84865,Google,India,Asia/Kolkata,2026-07-11 09:11,,AD-09,IST_SHIFT,1,N,N,N
D64810,DSA,Singapore,Asia/Singapore,2026-07-11 09:14,2026-07-13 04:46,AD-11,SEA_SHIFT,2,Y,Y,N
D19266,Meta,UAE,Asia/Dubai,2026-07-11 09:17,2026-07-17 05:54,AD-07,IST_SHIFT,2,N,N,N
D49721,Google,Vietnam,Asia/Ho_Chi_Minh,2026-07-11 10:00,,AD-10,IST_SHIFT,3,N,N,N
D23244,Meta,USA,America/New_York,2026-07-11 11:00,2026-07-12 19:08,AD-05,US_SHIFT,4,Y,Y,N
D92281,Organic,Vietnam,Asia/Ho_Chi_Minh,2026-07-11 11:02,2026-07-13 08:44,AD-06,IST_SHIFT,2,Y,Y,N
D65979,Google,UK,Europe/London,2026-07-11 13:52,,AD-04,US_SHIFT,4,N,N,N
D87495,Google,Singapore,Asia/Singapore,2026-07-11 14:09,2026-07-13 07:07,AD-12,SEA_SHIFT,2,N,N,N
D48722,Referral,India,Asia/Kolkata,2026-07-11 14:44,2026-07-12 19:02,AD-10,IST_SHIFT,2,N,N,N
D89576,Meta,India,Asia/Kolkata,2026-07-11 15:29,,AD-06,IST_SHIFT,3,N,N,N
D93599,Referral,Singapore,Asia/Singapore,2026-07-11 16:13,2026-07-13 10:06,AD-12,SEA_SHIFT,1,Y,Y,N
D31636,Meta,UK,Europe/London,2026-07-11 16:52,,AD-03,US_SHIFT,4,N,N,N
D25807,Meta,UK,Europe/London,2026-07-11 17:16,,AD-02,US_SHIFT,1,N,N,N
D29776,Meta,India,Asia/Kolkata,2026-07-11 18:07,,AD-06,IST_SHIFT,2,N,N,N
D89351,Google,USA,America/New_York,2026-07-11 18:40,2026-07-14 16:34,AD-04,US_SHIFT,3,Y,Y,N
D63344,Meta,Australia,Australia/Sydney,2026-07-11 18:58,2026-07-12 11:27,AD-11,SEA_SHIFT,3,Y,N,N
D52267,Meta,UAE,Asia/Dubai,2026-07-11 18:58,,AD-06,IST_SHIFT,1,N,N,N
D41017,Affiliate,USA,America/New_York,2026-07-11 20:05,,AD-02,US_SHIFT,0,N,N,N
D43017,Google,Vietnam,Asia/Ho_Chi_Minh,2026-07-11 20:21,,AD-07,IST_SHIFT,4,N,N,N
D18516,Google,India,Asia/Kolkata,2026-07-11 22:48,2026-07-12 11:51,AD-07,IST_SHIFT,1,N,N,N
D17642,Affiliate,UK,Europe/London,2026-07-12 00:33,2026-07-14 02:46,AD-03,US_SHIFT,0,N,N,N
D28641,Google,USA,America/New_York,2026-07-12 02:31,2026-07-12 22:09,AD-04,US_SHIFT,3,Y,Y,N
D12709,Organic,Singapore,Asia/Singapore,2026-07-12 02:57,2026-07-13 10:00,AD-12,SEA_SHIFT,1,N,N,N
D31866,Organic,India,Asia/Kolkata,2026-07-12 03:29,2026-07-13 19:29,AD-10,IST_SHIFT,3,Y,Y,N
D34756,DSA,India,Asia/Kolkata,2026-07-12 03:41,2026-07-18 00:13,AD-08,IST_SHIFT,2,N,N,N
D26181,Meta,USA,America/New_York,2026-07-12 04:01,2026-07-19 03:14,AD-03,US_SHIFT,4,N,N,N
D69258,Affiliate,Australia,Australia/Sydney,2026-07-12 04:22,2026-07-13 18:04,AD-11,SEA_SHIFT,1,N,N,N
D69595,Google,India,Asia/Kolkata,2026-07-12 04:33,2026-07-12 11:22,AD-08,IST_SHIFT,2,Y,Y,Y
D40605,Google,USA,America/New_York,2026-07-12 04:36,2026-07-12 16:20,AD-05,US_SHIFT,4,N,N,N
D30792,Meta,India,Asia/Kolkata,2026-07-12 04:44,,AD-07,IST_SHIFT,4,N,N,N
D23711,Affiliate,USA,America/New_York,2026-07-12 05:12,2026-07-12 16:04,AD-02,US_SHIFT,2,Y,Y,N
D10712,Meta,USA,America/New_York,2026-07-12 09:48,,AD-05,US_SHIFT,1,N,N,N
D98212,Google,UK,Europe/London,2026-07-12 10:22,,AD-04,US_SHIFT,3,N,N,N
D46736,Meta,India,Asia/Kolkata,2026-07-12 10:53,2026-07-13 12:52,AD-06,IST_SHIFT,1,Y,Y,N
D87621,Google,USA,America/New_York,2026-07-12 11:15,2026-07-18 19:04,AD-04,US_SHIFT,1,N,N,N
D22260,Meta,Vietnam,Asia/Ho_Chi_Minh,2026-07-12 11:24,2026-07-14 00:39,AD-09,IST_SHIFT,0,Y,Y,Y
D85170,Meta,USA,America/New_York,2026-07-12 12:36,,AD-05,US_SHIFT,1,N,N,N
D93543,Meta,Vietnam,Asia/Ho_Chi_Minh,2026-07-12 12:38,2026-07-12 21:36,AD-07,IST_SHIFT,3,N,N,N
D74704,Google,Singapore,Asia/Singapore,2026-07-12 12:42,,AD-11,SEA_SHIFT,2,N,N,N
D49312,Meta,India,Asia/Kolkata,2026-07-12 12:49,2026-07-13 11:36,AD-07,IST_SHIFT,2,Y,Y,Y
D74830,Meta,USA,America/New_York,2026-07-12 12:55,2026-07-14 05:52,AD-01,US_SHIFT,4,Y,Y,Y
D51947,Referral,USA,America/New_York,2026-07-12 12:57,2026-07-17 06:17,AD-05,US_SHIFT,1,N,N,N
D58737,Organic,Saudi Arabia,Asia/Riyadh,2026-07-12 12:59,2026-07-14 11:39,AD-10,IST_SHIFT,2,Y,Y,N
D34399,Meta,USA,America/New_York,2026-07-12 14:35,,AD-02,US_SHIFT,2,N,N,N
D17260,Referral,Australia,Australia/Sydney,2026-07-12 14:35,2026-07-18 15:45,AD-12,SEA_SHIFT,1,N,N,N
D86455,DSA,UAE,Asia/Dubai,2026-07-12 14:37,2026-07-12 17:01,AD-09,IST_SHIFT,0,N,N,N
D83402,Google,UK,Europe/London,2026-07-12 17:51,,AD-05,US_SHIFT,0,N,N,N
D41647,Google,USA,America/New_York,2026-07-12 17:55,2026-07-14 01:34,AD-04,US_SHIFT,4,N,N,N
D60059,Meta,Singapore,Asia/Singapore,2026-07-12 18:25,2026-07-13 17:46,AD-12,SEA_SHIFT,3,Y,N,N
D82036,Meta,USA,America/New_York,2026-07-12 18:46,2026-07-13 15:45,AD-03,US_SHIFT,1,Y,Y,Y
D83091,DSA,USA,America/New_York,2026-07-12 19:45,,AD-03,US_SHIFT,2,N,N,N
D22583,Google,Vietnam,Asia/Ho_Chi_Minh,2026-07-12 20:35,2026-07-13 11:46,AD-10,IST_SHIFT,0,Y,Y,Y
D58933,Google,USA,America/New_York,2026-07-12 21:38,2026-07-22 15:22,AD-01,US_SHIFT,1,N,N,N
D50787,Meta,USA,America/New_York,2026-07-12 23:17,2026-07-17 17:39,AD-02,US_SHIFT,3,N,N,N
D64712,Meta,UK,Europe/London,2026-07-12 23:36,,AD-02,US_SHIFT,1,N,N,N
D37056,Meta,USA,America/New_York,2026-07-12 23:51,,AD-03,US_SHIFT,2,N,N,N
D61952,Google,Vietnam,Asia/Ho_Chi_Minh,2026-07-13 00:27,,AD-08,IST_SHIFT,2,N,N,N
D21164,Meta,Vietnam,Asia/Ho_Chi_Minh,2026-07-13 00:29,2026-07-19 21:05,AD-08,IST_SHIFT,2,Y,Y,N
D80427,Meta,Saudi Arabia,Asia/Riyadh,2026-07-13 00:53,2026-07-21 17:00,AD-09,IST_SHIFT,1,N,N,N
D78807,Google,Saudi Arabia,Asia/Riyadh,2026-07-13 04:05,2026-07-14 16:09,AD-08,IST_SHIFT,1,N,N,N
D99787,Meta,Vietnam,Asia/Ho_Chi_Minh,2026-07-13 04:40,,AD-10,IST_SHIFT,1,N,N,N
D26821,Meta,Australia,Australia/Sydney,2026-07-13 06:54,2026-07-19 21:22,AD-11,SEA_SHIFT,1,Y,N,N
D41426,Meta,USA,America/New_York,2026-07-13 07:48,2026-07-14 05:08,AD-05,US_SHIFT,4,Y,Y,N
D73940,Referral,USA,America/New_York,2026-07-13 08:16,2026-07-13 21:42,AD-01,US_SHIFT,2,N,N,N
D40462,Meta,Vietnam,Asia/Ho_Chi_Minh,2026-07-13 08:22,2026-07-19 14:09,AD-06,IST_SHIFT,1,N,N,N
D44156,Meta,USA,America/New_York,2026-07-13 09:18,2026-07-17 20:02,AD-04,US_SHIFT,3,N,N,N
D99421,Meta,Australia,Australia/Sydney,2026-07-13 09:29,2026-07-15 01:57,AD-12,SEA_SHIFT,1,Y,Y,N
D39854,Meta,Australia,Australia/Sydney,2026-07-13 10:11,2026-07-13 12:04,AD-12,SEA_SHIFT,0,Y,Y,N
D47875,Affiliate,UAE,Asia/Dubai,2026-07-13 10:46,2026-07-16 00:52,AD-08,IST_SHIFT,0,N,N,N
D71652,Organic,Saudi Arabia,Asia/Riyadh,2026-07-13 12:15,2026-07-18 06:20,AD-06,IST_SHIFT,4,N,N,N
D18520,Meta,Vietnam,Asia/Ho_Chi_Minh,2026-07-13 12:34,2026-07-15 09:22,AD-08,IST_SHIFT,1,Y,Y,N
D98463,Meta,USA,America/New_York,2026-07-13 13:32,2026-07-14 13:16,AD-02,US_SHIFT,2,Y,Y,N
D52538,Meta,India,Asia/Kolkata,2026-07-13 13:45,2026-07-14 19:37,AD-10,IST_SHIFT,3,N,N,N
D70587,Affiliate,India,Asia/Kolkata,2026-07-13 15:10,,AD-07,IST_SHIFT,3,N,N,N
D15956,Google,UK,Europe/London,2026-07-13 15:18,,AD-03,US_SHIFT,1,N,N,N
D70548,Meta,India,Asia/Kolkata,2026-07-13 16:21,2026-07-14 21:52,AD-10,IST_SHIFT,0,Y,Y,N
D92578,Meta,UK,Europe/London,2026-07-13 16:45,,AD-03,US_SHIFT,2,N,N,N
D63957,Organic,Singapore,Asia/Singapore,2026-07-13 17:25,2026-07-14 23:11,AD-12,SEA_SHIFT,0,Y,Y,N
D82880,Meta,USA,America/New_York,2026-07-13 17:40,2026-07-14 01:12,AD-03,US_SHIFT,4,N,N,N
D74675,Meta,Saudi Arabia,Asia/Riyadh,2026-07-13 17:57,,AD-10,IST_SHIFT,4,N,N,N
D11477,Meta,Saudi Arabia,Asia/Riyadh,2026-07-13 18:26,2026-07-19 15:39,AD-06,IST_SHIFT,4,N,N,N
D28083,Meta,Australia,Australia/Sydney,2026-07-13 19:11,,AD-12,SEA_SHIFT,2,N,N,N
D24860,Meta,Vietnam,Asia/Ho_Chi_Minh,2026-07-13 19:43,2026-07-21 01:09,AD-08,IST_SHIFT,0,N,N,N
D24831,Google,USA,America/New_York,2026-07-13 19:58,2026-07-14 03:25,AD-01,US_SHIFT,3,Y,Y,N
D95356,Meta,Saudi Arabia,Asia/Riyadh,2026-07-13 21:27,,AD-09,IST_SHIFT,3,N,N,N
D69260,Meta,USA,America/New_York,2026-07-13 23:09,,AD-04,US_SHIFT,1,N,N,N
D26623,Meta,Saudi Arabia,Asia/Riyadh,2026-07-13 23:52,,AD-07,IST_SHIFT,1,N,N,N
D79183,Meta,Vietnam,Asia/Ho_Chi_Minh,2026-07-14 00:25,,AD-10,IST_SHIFT,2,N,N,N
D51137,DSA,USA,America/New_York,2026-07-14 00:46,2026-07-22 03:59,AD-02,US_SHIFT,0,Y,Y,N
D89307,Organic,Vietnam,Asia/Ho_Chi_Minh,2026-07-14 01:02,2026-07-15 10:26,AD-09,IST_SHIFT,2,Y,Y,N
D85311,Organic,Singapore,Asia/Singapore,2026-07-14 02:01,,AD-12,SEA_SHIFT,3,N,N,N
D49802,Affiliate,USA,America/New_York,2026-07-14 04:13,2026-07-14 20:35,AD-05,US_SHIFT,2,Y,Y,N
D50943,DSA,UK,Europe/London,2026-07-14 04:17,2026-07-14 09:53,AD-02,US_SHIFT,3,Y,Y,N
D95943,Meta,Vietnam,Asia/Ho_Chi_Minh,2026-07-14 05:34,2026-07-15 18:58,AD-09,IST_SHIFT,3,Y,Y,N
D63057,Organic,UK,Europe/London,2026-07-14 06:51,,AD-05,US_SHIFT,1,N,N,N
D18318,Organic,UAE,Asia/Dubai,2026-07-14 07:56,2026-07-22 02:07,AD-06,IST_SHIFT,4,Y,Y,Y
D66492,Google,Vietnam,Asia/Ho_Chi_Minh,2026-07-14 08:48,,AD-08,IST_SHIFT,0,N,N,N
D80653,Meta,USA,America/New_York,2026-07-14 08:55,2026-07-18 04:54,AD-02,US_SHIFT,2,Y,Y,N
D73469,DSA,Vietnam,Asia/Ho_Chi_Minh,2026-07-14 09:35,2026-07-15 06:05,AD-07,IST_SHIFT,2,N,N,N
D28109,Meta,UK,Europe/London,2026-07-14 11:19,,AD-04,US_SHIFT,2,N,N,N
D59355,Google,India,Asia/Kolkata,2026-07-14 12:15,,AD-08,IST_SHIFT,0,N,N,N
D63306,Meta,India,Asia/Kolkata,2026-07-14 12:19,2026-07-16 00:12,AD-10,IST_SHIFT,0,Y,Y,N
D25290,Organic,UAE,Asia/Dubai,2026-07-14 12:30,2026-07-14 16:38,AD-07,IST_SHIFT,2,Y,N,N
D96898,Google,UAE,Asia/Dubai,2026-07-14 13:39,,AD-07,IST_SHIFT,2,N,N,N
D31986,Affiliate,India,Asia/Kolkata,2026-07-14 13:56,2026-07-14 20:51,AD-07,IST_SHIFT,3,Y,Y,N
D35621,Meta,UK,Europe/London,2026-07-14 14:09,,AD-02,US_SHIFT,2,N,N,N
D71306,Google,UAE,Asia/Dubai,2026-07-14 14:10,,AD-06,IST_SHIFT,0,N,N,N
D57321,Meta,Vietnam,Asia/Ho_Chi_Minh,2026-07-14 15:40,,AD-06,IST_SHIFT,0,N,N,N
D54958,Organic,UK,Europe/London,2026-07-14 16:41,2026-07-15 02:28,AD-05,US_SHIFT,2,Y,Y,Y
D20291,Meta,Saudi Arabia,Asia/Riyadh,2026-07-14 16:44,2026-07-15 16:16,AD-07,IST_SHIFT,2,Y,Y,N
D74621,Google,USA,America/New_York,2026-07-14 17:00,,AD-05,US_SHIFT,4,N,N,N
D35629,Meta,Saudi Arabia,Asia/Riyadh,2026-07-14 17:38,2026-07-15 16:01,AD-06,IST_SHIFT,3,N,N,N
D17445,Meta,UK,Europe/London,2026-07-14 18:00,2026-07-16 13:15,AD-03,US_SHIFT,2,Y,Y,N
D51940,Google,India,Asia/Kolkata,2026-07-14 18:04,,AD-07,IST_SHIFT,0,N,N,N
D19852,Meta,Vietnam,Asia/Ho_Chi_Minh,2026-07-14 19:33,2026-07-22 23:48,AD-10,IST_SHIFT,2,Y,Y,N
D50364,Meta,India,Asia/Kolkata,2026-07-14 19:40,,AD-06,IST_SHIFT,0,N,N,N
D24727,Meta,Vietnam,Asia/Ho_Chi_Minh,2026-07-14 22:17,2026-07-22 17:50,AD-06,IST_SHIFT,4,N,N,N
D19030,Meta,USA,America/New_York,2026-07-14 22:42,2026-07-15 13:45,AD-03,US_SHIFT,3,N,N,N
D72340,Google,USA,America/New_York,2026-07-14 22:50,,AD-03,US_SHIFT,1,N,N,N
D91465,Meta,USA,America/New_York,2026-07-14 23:08,2026-07-16 10:27,AD-02,US_SHIFT,2,Y,Y,N
D21163,Referral,Australia,Australia/Sydney,2026-07-14 23:44,2026-07-18 19:08,AD-12,SEA_SHIFT,4,N,N,N
D79274,Meta,USA,America/New_York,2026-07-14 23:56,,AD-01,US_SHIFT,1,N,N,N
D19570,Google,USA,America/New_York,2026-07-15 00:55,2026-07-15 15:31,AD-04,US_SHIFT,3,Y,Y,N
D55150,Meta,USA,America/New_York,2026-07-15 01:09,,AD-05,US_SHIFT,1,N,N,N
D31881,Meta,USA,America/New_York,2026-07-15 01:24,2026-07-16 22:08,AD-02,US_SHIFT,1,Y,Y,Y
D10280,Affiliate,Vietnam,Asia/Ho_Chi_Minh,2026-07-15 02:24,,AD-08,IST_SHIFT,3,N,N,N
D20124,Google,USA,America/New_York,2026-07-15 02:27,2026-07-17 16:00,AD-05,US_SHIFT,2,N,N,N
D87997,Google,UK,Europe/London,2026-07-15 02:36,,AD-02,US_SHIFT,2,N,N,N
D93914,Meta,Singapore,Asia/Singapore,2026-07-15 03:08,2026-07-19 16:36,AD-11,SEA_SHIFT,1,N,N,N
D25634,Google,Vietnam,Asia/Ho_Chi_Minh,2026-07-15 03:19,,AD-10,IST_SHIFT,0,N,N,N
D25854,DSA,USA,America/New_York,2026-07-15 04:14,,AD-01,US_SHIFT,1,N,N,N
D81989,DSA,UK,Europe/London,2026-07-15 05:22,2026-07-23 21:07,AD-04,US_SHIFT,2,Y,Y,N
D26113,Referral,UK,Europe/London,2026-07-15 05:30,2026-07-15 10:35,AD-03,US_SHIFT,4,Y,Y,Y
D38057,Affiliate,Vietnam,Asia/Ho_Chi_Minh,2026-07-15 07:17,,AD-10,IST_SHIFT,2,N,N,N
D89091,Google,UK,Europe/London,2026-07-15 07:24,2026-07-15 15:52,AD-04,US_SHIFT,3,N,N,N
D78810,Meta,India,Asia/Kolkata,2026-07-15 07:31,,AD-10,IST_SHIFT,4,N,N,N
D34678,Referral,India,Asia/Kolkata,2026-07-15 09:30,,AD-09,IST_SHIFT,1,N,N,N
D58106,Meta,USA,America/New_York,2026-07-15 10:09,2026-07-16 14:55,AD-04,US_SHIFT,2,Y,Y,N
D49528,Google,Vietnam,Asia/Ho_Chi_Minh,2026-07-15 10:26,2026-07-16 10:37,AD-10,IST_SHIFT,4,N,N,N
D17795,Affiliate,USA,America/New_York,2026-07-15 11:22,,AD-04,US_SHIFT,2,N,N,N
D29496,Meta,Singapore,Asia/Singapore,2026-07-15 11:49,2026-07-17 04:24,AD-12,SEA_SHIFT,4,N,N,N
D69334,Meta,USA,America/New_York,2026-07-15 13:31,,AD-05,US_SHIFT,3,N,N,N
D41922,Meta,Vietnam,Asia/Ho_Chi_Minh,2026-07-15 13:37,2026-07-18 18:35,AD-10,IST_SHIFT,1,N,N,N
D85425,Meta,USA,America/New_York,2026-07-15 13:46,,AD-03,US_SHIFT,2,N,N,N
D42054,Meta,UAE,Asia/Dubai,2026-07-15 14:30,2026-07-16 05:28,AD-09,IST_SHIFT,1,N,N,N
D89852,Organic,USA,America/New_York,2026-07-15 15:45,,AD-04,US_SHIFT,3,N,N,N
D77446,Affiliate,UK,Europe/London,2026-07-15 15:54,2026-07-16 17:22,AD-01,US_SHIFT,1,Y,Y,N
D19491,Affiliate,UK,Europe/London,2026-07-15 16:05,,AD-04,US_SHIFT,4,N,N,N
D97599,Organic,Australia,Australia/Sydney,2026-07-15 17:43,2026-07-21 15:48,AD-11,SEA_SHIFT,1,N,N,N
D14435,Organic,Saudi Arabia,Asia/Riyadh,2026-07-15 18:35,,AD-08,IST_SHIFT,1,N,N,N
D80624,Meta,USA,America/New_York,2026-07-15 18:51,2026-07-16 04:50,AD-02,US_SHIFT,1,Y,Y,N
D58504,Meta,Saudi Arabia,Asia/Riyadh,2026-07-15 19:23,2026-07-17 02:23,AD-09,IST_SHIFT,4,Y,Y,N
D33811,Referral,UK,Europe/London,2026-07-15 20:46,2026-07-22 14:28,AD-04,US_SHIFT,4,Y,Y,N
D12946,Referral,USA,America/New_York,2026-07-15 21:40,,AD-03,US_SHIFT,2,N,N,N
D86264,Organic,India,Asia/Kolkata,2026-07-15 21:40,,AD-09,IST_SHIFT,1,N,N,N
D77633,Organic,USA,America/New_York,2026-07-15 22:47,2026-07-16 15:56,AD-01,US_SHIFT,2,Y,N,N
D85400,Affiliate,Saudi Arabia,Asia/Riyadh,2026-07-15 23:04,,AD-08,IST_SHIFT,4,N,N,N
D31551,Meta,India,Asia/Kolkata,2026-07-15 23:42,,AD-09,IST_SHIFT,1,N,N,N
D77030,Google,USA,America/New_York,2026-07-16 00:41,2026-07-17 11:41,AD-03,US_SHIFT,4,Y,Y,Y
D90281,Google,Saudi Arabia,Asia/Riyadh,2026-07-16 01:09,2026-07-16 23:31,AD-06,IST_SHIFT,1,Y,Y,N
D65593,Meta,UK,Europe/London,2026-07-16 02:44,2026-07-17 18:27,AD-02,US_SHIFT,0,Y,Y,Y
D63542,Meta,India,Asia/Kolkata,2026-07-16 05:01,,AD-08,IST_SHIFT,1,N,N,N
D59968,Referral,India,Asia/Kolkata,2026-07-16 05:50,,AD-08,IST_SHIFT,2,N,N,N
D21506,Google,USA,America/New_York,2026-07-16 06:03,,AD-02,US_SHIFT,1,N,N,N
D96603,Google,Saudi Arabia,Asia/Riyadh,2026-07-16 06:06,2026-07-20 04:41,AD-08,IST_SHIFT,1,Y,Y,N
D29960,Organic,USA,America/New_York,2026-07-16 06:10,2026-07-22 08:52,AD-04,US_SHIFT,0,Y,Y,N
D41862,Meta,India,Asia/Kolkata,2026-07-16 06:23,2026-07-17 10:39,AD-07,IST_SHIFT,3,N,N,N
D48859,Organic,Singapore,Asia/Singapore,2026-07-16 06:27,2026-07-21 22:10,AD-12,SEA_SHIFT,1,N,N,N
D68227,Referral,UAE,Asia/Dubai,2026-07-16 06:59,,AD-08,IST_SHIFT,4,N,N,N
D13096,Meta,Vietnam,Asia/Ho_Chi_Minh,2026-07-16 07:47,2026-07-17 21:41,AD-09,IST_SHIFT,1,Y,Y,N
D31823,DSA,USA,America/New_York,2026-07-16 08:31,2026-07-17 13:01,AD-03,US_SHIFT,2,Y,Y,N
D67504,Meta,USA,America/New_York,2026-07-16 09:08,,AD-02,US_SHIFT,1,N,N,N
D77335,DSA,Vietnam,Asia/Ho_Chi_Minh,2026-07-16 09:47,,AD-07,IST_SHIFT,0,N,N,N
D94260,Organic,UAE,Asia/Dubai,2026-07-16 10:19,,AD-08,IST_SHIFT,0,N,N,N
D67626,Google,USA,America/New_York,2026-07-16 10:49,2026-07-21 18:46,AD-02,US_SHIFT,3,Y,Y,N
D27165,Google,USA,America/New_York,2026-07-16 10:50,2026-07-23 23:39,AD-04,US_SHIFT,2,Y,Y,N
D67584,Affiliate,USA,America/New_York,2026-07-16 11:10,2026-07-17 09:03,AD-05,US_SHIFT,4,Y,N,N
D82195,Meta,USA,America/New_York,2026-07-16 11:28,2026-07-17 18:37,AD-05,US_SHIFT,2,N,N,N
D31175,Google,Vietnam,Asia/Ho_Chi_Minh,2026-07-16 12:42,2026-07-17 06:07,AD-06,IST_SHIFT,3,Y,N,N
D54788,Organic,Singapore,Asia/Singapore,2026-07-16 12:43,2026-07-17 05:15,AD-12,SEA_SHIFT,4,Y,Y,N
D29463,Affiliate,USA,America/New_York,2026-07-16 13:22,2026-07-20 23:14,AD-03,US_SHIFT,1,Y,Y,N
D42144,Meta,Vietnam,Asia/Ho_Chi_Minh,2026-07-16 15:56,2026-07-17 16:12,AD-07,IST_SHIFT,1,Y,N,N
D30996,Meta,UK,Europe/London,2026-07-16 16:23,2026-07-16 21:19,AD-05,US_SHIFT,0,N,N,N
D30577,DSA,UK,Europe/London,2026-07-16 17:25,,AD-04,US_SHIFT,2,N,N,N
D82743,Organic,USA,America/New_York,2026-07-16 18:25,2026-07-16 23:13,AD-02,US_SHIFT,2,Y,Y,N
D74253,Meta,UAE,Asia/Dubai,2026-07-16 18:30,2026-07-17 07:54,AD-08,IST_SHIFT,4,Y,Y,Y
D83946,Meta,USA,America/New_York,2026-07-16 19:45,2026-07-17 07:17,AD-02,US_SHIFT,0,Y,Y,N
D39959,Meta,Vietnam,Asia/Ho_Chi_Minh,2026-07-16 19:48,,AD-08,IST_SHIFT,1,N,N,N
D25223,Meta,Australia,Australia/Sydney,2026-07-16 20:10,,AD-11,SEA_SHIFT,0,N,N,N
D24388,Affiliate,Australia,Australia/Sydney,2026-07-16 21:06,2026-07-26 18:00,AD-12,SEA_SHIFT,2,Y,Y,Y
D60565,Affiliate,UAE,Asia/Dubai,2026-07-16 22:36,2026-07-25 15:22,AD-06,IST_SHIFT,0,Y,Y,N
D93090,Google,USA,America/New_York,2026-07-16 22:39,,AD-04,US_SHIFT,0,N,N,N
D32024,Organic,India,Asia/Kolkata,2026-07-16 22:50,2026-07-18 01:45,AD-06,IST_SHIFT,0,N,N,N
D65933,Meta,USA,America/New_York,2026-07-16 23:00,,AD-04,US_SHIFT,2,N,N,N
D85549,Meta,Australia,Australia/Sydney,2026-07-16 23:16,2026-07-21 17:15,AD-12,SEA_SHIFT,3,Y,Y,N
D93100,DSA,India,Asia/Kolkata,2026-07-16 23:42,2026-07-26 12:02,AD-10,IST_SHIFT,4,Y,Y,N
D58078,Referral,Vietnam,Asia/Ho_Chi_Minh,2026-07-17 01:33,2026-07-17 18:17,AD-07,IST_SHIFT,2,N,N,N
D64689,Meta,Australia,Australia/Sydney,2026-07-17 02:24,2026-07-21 13:21,AD-12,SEA_SHIFT,2,N,N,N
D57316,Referral,Vietnam,Asia/Ho_Chi_Minh,2026-07-17 02:42,2026-07-18 22:29,AD-08,IST_SHIFT,0,Y,Y,N
D28328,Affiliate,USA,America/New_York,2026-07-17 02:44,2026-07-21 14:51,AD-04,US_SHIFT,1,Y,Y,Y
D23918,Organic,USA,America/New_York,2026-07-17 04:03,,AD-02,US_SHIFT,2,N,N,N
D56854,Google,Australia,Australia/Sydney,2026-07-17 04:18,2026-07-18 07:07,AD-11,SEA_SHIFT,3,Y,Y,N
D51508,Referral,India,Asia/Kolkata,2026-07-17 05:48,,AD-06,IST_SHIFT,1,N,N,N
D98308,Meta,India,Asia/Kolkata,2026-07-17 06:22,2026-07-18 10:19,AD-09,IST_SHIFT,1,Y,Y,N
D57459,Organic,Saudi Arabia,Asia/Riyadh,2026-07-17 07:10,2026-07-18 08:33,AD-07,IST_SHIFT,1,N,N,N
D46128,DSA,Vietnam,Asia/Ho_Chi_Minh,2026-07-17 09:25,,AD-07,IST_SHIFT,1,N,N,N
D58971,Google,UK,Europe/London,2026-07-17 09:56,2026-07-18 20:03,AD-01,US_SHIFT,0,N,N,N
D17887,Meta,USA,America/New_York,2026-07-17 11:47,,AD-02,US_SHIFT,1,N,N,N
D55925,Meta,Singapore,Asia/Singapore,2026-07-17 12:13,,AD-12,SEA_SHIFT,1,N,N,N
D38629,DSA,Saudi Arabia,Asia/Riyadh,2026-07-17 12:19,2026-07-18 23:49,AD-09,IST_SHIFT,2,N,N,N
D60546,Meta,UAE,Asia/Dubai,2026-07-17 13:00,2026-07-22 00:28,AD-09,IST_SHIFT,2,N,N,N
D16502,Organic,UK,Europe/London,2026-07-17 15:22,,AD-05,US_SHIFT,4,N,N,N
D30142,Meta,USA,America/New_York,2026-07-17 15:58,2026-07-21 18:35,AD-01,US_SHIFT,1,Y,Y,N
D26000,Meta,Vietnam,Asia/Ho_Chi_Minh,2026-07-17 16:22,2026-07-18 06:48,AD-07,IST_SHIFT,1,Y,Y,N
D70267,Google,USA,America/New_York,2026-07-17 16:53,,AD-04,US_SHIFT,3,N,N,N
D70788,Referral,Vietnam,Asia/Ho_Chi_Minh,2026-07-17 17:18,2026-07-18 09:08,AD-06,IST_SHIFT,1,Y,N,N
D87550,Referral,USA,America/New_York,2026-07-17 20:50,,AD-02,US_SHIFT,1,N,N,N
D81408,Google,Vietnam,Asia/Ho_Chi_Minh,2026-07-17 21:40,,AD-08,IST_SHIFT,1,N,N,N
D21391,Affiliate,Australia,Australia/Sydney,2026-07-17 21:59,2026-07-18 06:44,AD-11,SEA_SHIFT,4,N,N,N
D68248,Organic,India,Asia/Kolkata,2026-07-17 22:07,2026-07-27 06:00,AD-10,IST_SHIFT,4,N,N,N
D74757,Meta,Saudi Arabia,Asia/Riyadh,2026-07-17 23:14,2026-07-18 10:43,AD-10,IST_SHIFT,2,Y,Y,N
D33021,Meta,Vietnam,Asia/Ho_Chi_Minh,2026-07-17 23:48,2026-07-25 06:31,AD-10,IST_SHIFT,0,Y,Y,N
D63093,Meta,USA,America/New_York,2026-07-18 00:22,,AD-05,US_SHIFT,3,N,N,N
D88138,Meta,Vietnam,Asia/Ho_Chi_Minh,2026-07-18 01:10,2026-07-21 13:41,AD-06,IST_SHIFT,2,Y,Y,N
D84726,Meta,India,Asia/Kolkata,2026-07-18 01:18,2026-07-19 15:07,AD-10,IST_SHIFT,2,N,N,N
D59612,Organic,Vietnam,Asia/Ho_Chi_Minh,2026-07-18 02:03,,AD-06,IST_SHIFT,2,N,N,N
D71095,Meta,USA,America/New_York,2026-07-18 03:26,2026-07-19 00:05,AD-02,US_SHIFT,2,Y,Y,N
D79700,Google,Vietnam,Asia/Ho_Chi_Minh,2026-07-18 03:44,,AD-10,IST_SHIFT,3,N,N,N
D92292,Google,UAE,Asia/Dubai,2026-07-18 04:00,,AD-09,IST_SHIFT,2,N,N,N
D35479,Meta,USA,America/New_York,2026-07-18 05:56,2026-07-20 03:38,AD-03,US_SHIFT,1,Y,Y,N
D25680,DSA,USA,America/New_York,2026-07-18 06:39,2026-07-25 22:24,AD-05,US_SHIFT,4,N,N,N
D76270,Meta,USA,America/New_York,2026-07-18 07:31,2026-07-18 18:59,AD-02,US_SHIFT,4,N,N,N
D97170,DSA,USA,America/New_York,2026-07-18 07:55,2026-07-19 08:23,AD-04,US_SHIFT,4,Y,Y,N
D45237,Affiliate,USA,America/New_York,2026-07-18 09:07,2026-07-22 13:48,AD-01,US_SHIFT,4,Y,Y,N
D46506,Meta,USA,America/New_York,2026-07-18 09:28,,AD-01,US_SHIFT,4,N,N,N
D56057,Affiliate,Saudi Arabia,Asia/Riyadh,2026-07-18 10:16,,AD-09,IST_SHIFT,3,N,N,N
D88093,Organic,UK,Europe/London,2026-07-18 10:30,2026-07-18 12:16,AD-02,US_SHIFT,3,Y,Y,N
D62263,Affiliate,Australia,Australia/Sydney,2026-07-18 10:50,,AD-12,SEA_SHIFT,2,N,N,N
D98165,Meta,Vietnam,Asia/Ho_Chi_Minh,2026-07-18 11:35,2026-07-20 06:37,AD-06,IST_SHIFT,2,N,N,N
D56874,DSA,UAE,Asia/Dubai,2026-07-18 12:35,,AD-07,IST_SHIFT,1,N,N,N
D53714,Affiliate,Saudi Arabia,Asia/Riyadh,2026-07-18 12:43,2026-07-20 02:35,AD-07,IST_SHIFT,1,Y,Y,N
D52182,Affiliate,Vietnam,Asia/Ho_Chi_Minh,2026-07-18 12:44,2026-07-19 05:55,AD-06,IST_SHIFT,4,Y,Y,N
D59333,Meta,UAE,Asia/Dubai,2026-07-18 13:03,2026-07-19 16:51,AD-07,IST_SHIFT,3,Y,Y,Y
D88267,Meta,USA,America/New_York,2026-07-18 13:30,,AD-02,US_SHIFT,1,N,N,N
D15328,Google,USA,America/New_York,2026-07-18 15:13,2026-07-26 06:11,AD-03,US_SHIFT,4,Y,N,N
D24654,Organic,India,Asia/Kolkata,2026-07-18 17:10,,AD-07,IST_SHIFT,2,N,N,N
D28259,DSA,USA,America/New_York,2026-07-18 18:38,,AD-05,US_SHIFT,3,N,N,N
D84626,Meta,Vietnam,Asia/Ho_Chi_Minh,2026-07-18 19:15,,AD-07,IST_SHIFT,3,N,N,N
D74933,Google,Singapore,Asia/Singapore,2026-07-18 19:23,2026-07-19 00:12,AD-11,SEA_SHIFT,1,Y,Y,N
D20954,Google,Vietnam,Asia/Ho_Chi_Minh,2026-07-18 19:50,,AD-08,IST_SHIFT,0,N,N,N
D68060,Organic,India,Asia/Kolkata,2026-07-18 19:59,2026-07-25 03:51,AD-06,IST_SHIFT,2,N,N,N
D22541,Meta,USA,America/New_York,2026-07-18 20:07,,AD-02,US_SHIFT,1,N,N,N
D72285,Organic,Australia,Australia/Sydney,2026-07-18 20:35,2026-07-27 05:35,AD-12,SEA_SHIFT,0,Y,N,N
D15278,DSA,India,Asia/Kolkata,2026-07-18 20:43,2026-07-23 18:51,AD-08,IST_SHIFT,1,N,N,N
D48699,Meta,UK,Europe/London,2026-07-18 20:52,,AD-03,US_SHIFT,2,N,N,N
D28735,Google,Saudi Arabia,Asia/Riyadh,2026-07-18 21:02,2026-07-24 00:00,AD-06,IST_SHIFT,2,N,N,N
D92274,Meta,USA,America/New_York,2026-07-18 22:11,2026-07-19 21:04,AD-03,US_SHIFT,3,Y,Y,N
D67296,Meta,India,Asia/Kolkata,2026-07-18 22:44,2026-07-19 15:26,AD-06,IST_SHIFT,3,Y,Y,N
D33074,Meta,Australia,Australia/Sydney,2026-07-18 22:52,,AD-11,SEA_SHIFT,0,N,N,N
D75008,Meta,India,Asia/Kolkata,2026-07-18 23:17,2026-07-26 05:02,AD-10,IST_SHIFT,1,N,N,N
D66528,Google,Vietnam,Asia/Ho_Chi_Minh,2026-07-19 00:21,2026-07-19 03:36,AD-10,IST_SHIFT,2,N,N,N
D64344,Google,Vietnam,Asia/Ho_Chi_Minh,2026-07-19 01:12,,AD-07,IST_SHIFT,0,N,N,N
D92756,Google,USA,America/New_York,2026-07-19 03:13,2026-07-19 23:52,AD-04,US_SHIFT,4,N,N,N
D89199,Google,Australia,Australia/Sydney,2026-07-19 03:21,2026-07-19 13:12,AD-12,SEA_SHIFT,2,N,N,N
D59854,Affiliate,UK,Europe/London,2026-07-19 05:02,,AD-03,US_SHIFT,1,N,N,N
D76170,Google,USA,America/New_York,2026-07-19 05:05,2026-07-19 13:48,AD-02,US_SHIFT,1,Y,Y,N
D70121,Google,UAE,Asia/Dubai,2026-07-19 05:37,2026-07-19 07:45,AD-09,IST_SHIFT,2,Y,Y,N
D54291,Meta,USA,America/New_York,2026-07-19 05:39,2026-07-26 10:01,AD-01,US_SHIFT,3,Y,Y,N
D29013,Google,UK,Europe/London,2026-07-19 06:47,2026-07-19 16:55,AD-01,US_SHIFT,3,Y,Y,N
D54657,Referral,USA,America/New_York,2026-07-19 06:51,2026-07-24 16:17,AD-05,US_SHIFT,1,N,N,N
D51091,Meta,USA,America/New_York,2026-07-19 07:43,2026-07-24 13:12,AD-03,US_SHIFT,2,N,N,N
D65127,DSA,USA,America/New_York,2026-07-19 09:58,,AD-05,US_SHIFT,3,N,N,N
D17208,Meta,Singapore,Asia/Singapore,2026-07-19 10:02,,AD-11,SEA_SHIFT,2,N,N,N
D91107,Meta,UK,Europe/London,2026-07-19 10:08,2026-07-21 03:18,AD-02,US_SHIFT,0,Y,Y,N
D21745,Affiliate,UK,Europe/London,2026-07-19 10:54,2026-07-28 19:05,AD-03,US_SHIFT,1,N,N,N
D19277,Meta,India,Asia/Kolkata,2026-07-19 12:01,2026-07-20 13:58,AD-06,IST_SHIFT,1,N,N,N
D76914,Meta,USA,America/New_York,2026-07-19 13:05,2026-07-19 21:05,AD-01,US_SHIFT,4,Y,Y,Y
D99891,Meta,USA,America/New_York,2026-07-19 13:21,2026-07-19 21:58,AD-03,US_SHIFT,2,Y,Y,N
D60368,Meta,UK,Europe/London,2026-07-19 13:52,,AD-01,US_SHIFT,0,N,N,N
D38681,Organic,Saudi Arabia,Asia/Riyadh,2026-07-19 14:48,,AD-08,IST_SHIFT,2,N,N,N
D72481,Meta,USA,America/New_York,2026-07-19 15:57,2026-07-26 05:16,AD-03,US_SHIFT,1,Y,Y,N
D10041,Meta,Vietnam,Asia/Ho_Chi_Minh,2026-07-19 20:35,2026-07-21 08:17,AD-07,IST_SHIFT,0,Y,Y,N
D16827,Google,UK,Europe/London,2026-07-19 20:39,2026-07-19 23:51,AD-05,US_SHIFT,2,Y,Y,N
D46675,Google,UAE,Asia/Dubai,2026-07-19 20:47,,AD-06,IST_SHIFT,1,N,N,N
D22681,Organic,USA,America/New_York,2026-07-19 21:37,2026-07-20 17:22,AD-03,US_SHIFT,2,Y,Y,Y
D77821,Google,USA,America/New_York,2026-07-19 21:47,2026-07-28 05:24,AD-04,US_SHIFT,1,Y,N,N
D69953,Meta,USA,America/New_York,2026-07-19 22:17,2026-07-21 01:38,AD-04,US_SHIFT,3,Y,Y,N
D63623,Google,USA,America/New_York,2026-07-19 22:17,2026-07-22 20:01,AD-01,US_SHIFT,2,Y,Y,N
D27436,Meta,UAE,Asia/Dubai,2026-07-19 22:20,,AD-07,IST_SHIFT,1,N,N,N
D78197,DSA,UAE,Asia/Dubai,2026-07-19 22:42,2026-07-21 15:22,AD-10,IST_SHIFT,3,Y,Y,N
D66131,Organic,USA,America/New_York,2026-07-19 23:32,,AD-04,US_SHIFT,2,N,N,N
D14248,Google,Saudi Arabia,Asia/Riyadh,2026-07-19 23:53,2026-07-26 21:08,AD-09,IST_SHIFT,2,N,N,N
D86500,Google,UAE,Asia/Dubai,2026-07-20 00:20,2026-07-28 12:20,AD-09,IST_SHIFT,0,N,N,N
D46654,DSA,UAE,Asia/Dubai,2026-07-20 01:15,2026-07-21 00:58,AD-09,IST_SHIFT,4,Y,Y,Y
D28465,Meta,USA,America/New_York,2026-07-20 01:43,2026-07-20 17:37,AD-03,US_SHIFT,4,N,N,N
D36701,Meta,USA,America/New_York,2026-07-20 03:15,2026-07-22 01:50,AD-02,US_SHIFT,3,Y,Y,Y
D45448,DSA,USA,America/New_York,2026-07-20 03:36,2026-07-22 23:57,AD-04,US_SHIFT,2,Y,Y,Y
D11850,Meta,Saudi Arabia,Asia/Riyadh,2026-07-20 05:39,2026-07-28 10:59,AD-07,IST_SHIFT,4,Y,Y,Y
D68856,Google,USA,America/New_York,2026-07-20 05:49,2026-07-25 21:46,AD-05,US_SHIFT,2,Y,Y,N
D47647,Meta,India,Asia/Kolkata,2026-07-20 06:09,2026-07-20 20:08,AD-09,IST_SHIFT,4,N,N,N
D67913,Organic,India,Asia/Kolkata,2026-07-20 06:15,2026-07-23 09:55,AD-08,IST_SHIFT,1,N,N,N
D28318,Meta,USA,America/New_York,2026-07-20 07:15,2026-07-20 11:13,AD-04,US_SHIFT,2,Y,Y,N
D49467,DSA,India,Asia/Kolkata,2026-07-20 07:16,,AD-09,IST_SHIFT,2,N,N,N
D85656,Affiliate,USA,America/New_York,2026-07-20 08:48,,AD-04,US_SHIFT,1,N,N,N
D74136,Meta,Singapore,Asia/Singapore,2026-07-20 09:01,,AD-11,SEA_SHIFT,1,N,N,N
D91520,Organic,UK,Europe/London,2026-07-20 10:44,2026-07-22 10:28,AD-04,US_SHIFT,2,N,N,N
D11449,Referral,Vietnam,Asia/Ho_Chi_Minh,2026-07-20 10:55,2026-07-20 15:28,AD-09,IST_SHIFT,1,Y,Y,N
D62374,Meta,Australia,Australia/Sydney,2026-07-20 12:28,2026-07-21 05:24,AD-11,SEA_SHIFT,1,N,N,N
D51865,Organic,USA,America/New_York,2026-07-20 12:40,2026-07-21 14:22,AD-01,US_SHIFT,0,Y,Y,N
D67118,Meta,UAE,Asia/Dubai,2026-07-20 12:41,2026-07-21 10:25,AD-10,IST_SHIFT,1,N,N,N
D81402,Google,USA,America/New_York,2026-07-20 13:43,2026-07-21 14:45,AD-03,US_SHIFT,3,Y,Y,Y
D13568,Meta,USA,America/New_York,2026-07-20 14:56,,AD-05,US_SHIFT,1,N,N,N
D94586,Meta,Vietnam,Asia/Ho_Chi_Minh,2026-07-20 14:58,2026-07-21 09:51,AD-08,IST_SHIFT,2,Y,N,N
D13959,Google,Australia,Australia/Sydney,2026-07-20 15:36,2026-07-21 15:46,AD-11,SEA_SHIFT,0,Y,Y,N
D23047,Meta,UK,Europe/London,2026-07-20 15:39,,AD-04,US_SHIFT,2,N,N,N
D13942,Affiliate,UK,Europe/London,2026-07-20 16:13,,AD-03,US_SHIFT,2,N,N,N
D90451,Organic,UK,Europe/London,2026-07-20 16:29,2026-07-28 01:13,AD-01,US_SHIFT,1,N,N,N
D14629,Organic,USA,America/New_York,2026-07-20 16:49,2026-07-28 07:25,AD-05,US_SHIFT,1,N,N,N
D97128,Google,India,Asia/Kolkata,2026-07-20 17:57,,AD-08,IST_SHIFT,0,N,N,N
D42417,Google,USA,America/New_York,2026-07-20 20:36,,AD-02,US_SHIFT,0,N,N,N
D21579,Google,Vietnam,Asia/Ho_Chi_Minh,2026-07-20 21:29,2026-07-28 15:17,AD-06,IST_SHIFT,1,Y,Y,N
D95148,Google,UK,Europe/London,2026-07-20 21:44,,AD-04,US_SHIFT,3,N,N,N
D87117,Meta,USA,America/New_York,2026-07-20 23:55,,AD-05,US_SHIFT,1,N,N,N
D94155,Meta,USA,America/New_York,2026-07-21 00:41,,AD-02,US_SHIFT,1,N,N,N
D40745,Google,Australia,Australia/Sydney,2026-07-21 00:43,,AD-11,SEA_SHIFT,4,N,N,N
D66290,Meta,Saudi Arabia,Asia/Riyadh,2026-07-21 00:45,2026-07-30 14:43,AD-07,IST_SHIFT,1,N,N,N
D89656,Meta,USA,America/New_York,2026-07-21 01:52,2026-07-25 20:57,AD-03,US_SHIFT,1,Y,Y,N
D68073,DSA,UK,Europe/London,2026-07-21 02:08,2026-07-22 02:44,AD-01,US_SHIFT,3,Y,N,N
D67980,Meta,Singapore,Asia/Singapore,2026-07-21 03:04,,AD-11,SEA_SHIFT,1,N,N,N
D46431,Meta,UK,Europe/London,2026-07-21 03:31,2026-07-26 18:51,AD-03,US_SHIFT,4,N,N,N
D49646,Meta,USA,America/New_York,2026-07-21 04:54,,AD-05,US_SHIFT,2,N,N,N
D16077,Google,USA,America/New_York,2026-07-21 05:37,2026-07-28 16:41,AD-04,US_SHIFT,2,N,N,N
D74107,Google,UAE,Asia/Dubai,2026-07-21 06:09,2026-07-28 12:59,AD-09,IST_SHIFT,1,Y,Y,Y
D97101,Meta,Vietnam,Asia/Ho_Chi_Minh,2026-07-21 06:59,,AD-07,IST_SHIFT,1,N,N,N
D44940,DSA,UK,Europe/London,2026-07-21 07:13,2026-07-22 03:35,AD-03,US_SHIFT,2,N,N,N
D67797,Meta,Vietnam,Asia/Ho_Chi_Minh,2026-07-21 07:14,2026-07-27 03:18,AD-09,IST_SHIFT,0,N,N,N
D19540,Google,USA,America/New_York,2026-07-21 10:03,,AD-04,US_SHIFT,3,N,N,N
D32721,Meta,UAE,Asia/Dubai,2026-07-21 11:42,2026-07-28 10:35,AD-09,IST_SHIFT,1,N,N,N
D45496,Meta,Saudi Arabia,Asia/Riyadh,2026-07-21 11:51,2026-07-23 04:08,AD-10,IST_SHIFT,1,N,N,N
D91637,Google,India,Asia/Kolkata,2026-07-21 13:08,,AD-06,IST_SHIFT,4,N,N,N
D11060,DSA,USA,America/New_York,2026-07-21 13:23,2026-07-21 17:48,AD-05,US_SHIFT,2,N,N,N
D98186,Meta,India,Asia/Kolkata,2026-07-21 13:32,2026-07-29 01:42,AD-10,IST_SHIFT,4,N,N,N
D41392,Meta,Australia,Australia/Sydney,2026-07-21 13:48,2026-07-22 01:44,AD-11,SEA_SHIFT,0,Y,Y,N
D72057,DSA,UK,Europe/London,2026-07-21 13:55,2026-07-23 00:35,AD-04,US_SHIFT,1,Y,Y,N
D61279,Meta,UK,Europe/London,2026-07-21 14:05,,AD-05,US_SHIFT,1,N,N,N
D15204,Organic,Singapore,Asia/Singapore,2026-07-21 14:21,,AD-12,SEA_SHIFT,1,N,N,N
D33996,Meta,Vietnam,Asia/Ho_Chi_Minh,2026-07-21 14:22,2026-07-27 12:50,AD-06,IST_SHIFT,1,N,N,N
D75134,Affiliate,Vietnam,Asia/Ho_Chi_Minh,2026-07-21 14:38,2026-07-22 15:57,AD-10,IST_SHIFT,0,Y,Y,N
D45841,Organic,Singapore,Asia/Singapore,2026-07-21 15:25,2026-07-27 07:42,AD-11,SEA_SHIFT,1,Y,N,N
D23597,Google,Vietnam,Asia/Ho_Chi_Minh,2026-07-21 16:13,,AD-09,IST_SHIFT,3,N,N,N
D70414,Affiliate,Saudi Arabia,Asia/Riyadh,2026-07-21 16:29,,AD-08,IST_SHIFT,2,N,N,N
D80040,Meta,Australia,Australia/Sydney,2026-07-21 17:34,,AD-12,SEA_SHIFT,1,N,N,N
D38665,Affiliate,Australia,Australia/Sydney,2026-07-21 17:51,2026-07-22 08:38,AD-12,SEA_SHIFT,2,Y,Y,N
D39332,DSA,UK,Europe/London,2026-07-21 18:18,2026-07-23 17:04,AD-02,US_SHIFT,4,N,N,N
D27952,Meta,UAE,Asia/Dubai,2026-07-21 19:24,,AD-06,IST_SHIFT,1,N,N,N
D23820,Google,UK,Europe/London,2026-07-21 20:27,,AD-03,US_SHIFT,1,N,N,N
D89398,Google,USA,America/New_York,2026-07-21 21:09,,AD-03,US_SHIFT,1,N,N,N
D15255,Affiliate,Vietnam,Asia/Ho_Chi_Minh,2026-07-21 21:18,,AD-07,IST_SHIFT,2,N,N,N
D74981,Meta,USA,America/New_York,2026-07-21 22:09,2026-07-28 18:03,AD-01,US_SHIFT,0,Y,Y,N
D25513,Google,USA,America/New_York,2026-07-22 00:00,2026-07-28 09:12,AD-01,US_SHIFT,1,N,N,N
D30215,Meta,USA,America/New_York,2026-07-22 00:41,,AD-02,US_SHIFT,1,N,N,N
D56562,Meta,USA,America/New_York,2026-07-22 01:29,2026-07-22 09:59,AD-01,US_SHIFT,1,Y,Y,Y
D43848,Meta,India,Asia/Kolkata,2026-07-22 02:46,2026-07-24 00:48,AD-10,IST_SHIFT,2,Y,Y,N
D53647,Meta,USA,America/New_York,2026-07-22 02:47,2026-07-28 17:20,AD-04,US_SHIFT,0,Y,Y,N
D87142,Meta,India,Asia/Kolkata,2026-07-22 03:00,2026-07-31 00:44,AD-07,IST_SHIFT,2,Y,Y,Y
D58432,Google,UK,Europe/London,2026-07-22 03:09,2026-07-28 15:18,AD-05,US_SHIFT,0,N,N,N
D69987,Meta,India,Asia/Kolkata,2026-07-22 03:18,,AD-09,IST_SHIFT,2,N,N,N
D81715,Meta,Vietnam,Asia/Ho_Chi_Minh,2026-07-22 03:27,,AD-08,IST_SHIFT,2,N,N,N
D87497,Organic,Singapore,Asia/Singapore,2026-07-22 03:29,,AD-11,SEA_SHIFT,2,N,N,N
D92139,Google,USA,America/New_York,2026-07-22 03:32,,AD-01,US_SHIFT,2,N,N,N
D32359,Organic,Vietnam,Asia/Ho_Chi_Minh,2026-07-22 03:54,,AD-06,IST_SHIFT,4,N,N,N
D81409,DSA,India,Asia/Kolkata,2026-07-22 05:38,2026-07-23 14:31,AD-09,IST_SHIFT,0,N,N,N
D54381,Google,UK,Europe/London,2026-07-22 06:25,,AD-01,US_SHIFT,4,N,N,N
D48217,Affiliate,UK,Europe/London,2026-07-22 06:34,2026-07-24 09:05,AD-02,US_SHIFT,4,N,N,N
D37861,Meta,USA,America/New_York,2026-07-22 06:57,,AD-02,US_SHIFT,4,N,N,N
D65660,Meta,USA,America/New_York,2026-07-22 08:08,,AD-03,US_SHIFT,2,N,N,N
D40081,DSA,USA,America/New_York,2026-07-22 08:55,2026-07-26 21:14,AD-02,US_SHIFT,1,N,N,N
D67186,Affiliate,USA,America/New_York,2026-07-22 09:30,2026-07-30 02:59,AD-01,US_SHIFT,0,Y,Y,N
D45456,Meta,Vietnam,Asia/Ho_Chi_Minh,2026-07-22 09:32,,AD-06,IST_SHIFT,0,N,N,N
D58646,Meta,USA,America/New_York,2026-07-22 13:57,2026-07-23 18:06,AD-03,US_SHIFT,2,Y,N,N
D59047,Google,Vietnam,Asia/Ho_Chi_Minh,2026-07-22 15:37,2026-07-23 21:15,AD-06,IST_SHIFT,2,N,N,N
D89815,Google,USA,America/New_York,2026-07-22 16:27,2026-07-24 10:14,AD-01,US_SHIFT,2,Y,N,N
D26513,Google,Vietnam,Asia/Ho_Chi_Minh,2026-07-22 16:42,2026-08-01 03:47,AD-09,IST_SHIFT,1,N,N,N
D52096,Affiliate,UAE,Asia/Dubai,2026-07-22 16:48,2026-07-23 15:29,AD-09,IST_SHIFT,2,Y,Y,Y
D84281,Meta,Singapore,Asia/Singapore,2026-07-22 16:56,2026-07-24 02:42,AD-12,SEA_SHIFT,1,Y,Y,Y
D45566,Meta,USA,America/New_York,2026-07-22 18:01,2026-07-23 15:47,AD-03,US_SHIFT,3,Y,N,N
D28796,Meta,USA,America/New_York,2026-07-22 18:24,2026-07-30 13:52,AD-02,US_SHIFT,2,Y,N,N
D44999,Organic,USA,America/New_York,2026-07-22 18:36,2026-07-24 10:31,AD-05,US_SHIFT,2,Y,Y,N
D35256,Referral,Vietnam,Asia/Ho_Chi_Minh,2026-07-22 19:33,2026-07-24 21:58,AD-06,IST_SHIFT,2,Y,Y,Y
D84583,Meta,Saudi Arabia,Asia/Riyadh,2026-07-22 20:35,2026-07-23 22:53,AD-09,IST_SHIFT,3,Y,Y,N
D33663,Meta,USA,America/New_York,2026-07-22 21:55,,AD-01,US_SHIFT,1,N,N,N
D76891,Meta,Vietnam,Asia/Ho_Chi_Minh,2026-07-22 22:03,2026-07-23 21:40,AD-09,IST_SHIFT,1,Y,Y,Y
D77669,Meta,Vietnam,Asia/Ho_Chi_Minh,2026-07-22 23:29,,AD-07,IST_SHIFT,1,N,N,N
D31183,Affiliate,USA,America/New_York,2026-07-22 23:55,2026-07-23 16:09,AD-03,US_SHIFT,1,Y,Y,N
D30408,DSA,UK,Europe/London,2026-07-23 00:41,,AD-04,US_SHIFT,2,N,N,N
D48796,Google,USA,America/New_York,2026-07-23 01:15,2026-07-31 18:24,AD-02,US_SHIFT,2,Y,N,N
D35880,Referral,USA,America/New_York,2026-07-23 02:28,2026-07-23 07:42,AD-05,US_SHIFT,2,Y,Y,N
D51258,Organic,Singapore,Asia/Singapore,2026-07-23 04:06,2026-07-25 20:35,AD-11,SEA_SHIFT,4,Y,Y,N
D73373,Meta,USA,America/New_York,2026-07-23 04:28,,AD-04,US_SHIFT,1,N,N,N
D46638,DSA,Vietnam,Asia/Ho_Chi_Minh,2026-07-23 05:00,2026-07-23 18:59,AD-09,IST_SHIFT,1,Y,Y,N
D18577,DSA,India,Asia/Kolkata,2026-07-23 05:36,2026-07-25 09:51,AD-07,IST_SHIFT,2,N,N,N
D89022,DSA,Singapore,Asia/Singapore,2026-07-23 06:06,2026-07-24 10:46,AD-11,SEA_SHIFT,4,N,N,N
D51670,Meta,Vietnam,Asia/Ho_Chi_Minh,2026-07-23 06:26,,AD-08,IST_SHIFT,2,N,N,N
D40710,Google,Singapore,Asia/Singapore,2026-07-23 06:59,2026-07-23 22:20,AD-11,SEA_SHIFT,1,Y,N,N
D23891,Google,India,Asia/Kolkata,2026-07-23 09:53,2026-07-24 17:53,AD-08,IST_SHIFT,4,N,N,N
D13519,Google,USA,America/New_York,2026-07-23 11:32,,AD-01,US_SHIFT,4,N,N,N
D10814,DSA,USA,America/New_York,2026-07-23 12:32,2026-07-25 11:22,AD-01,US_SHIFT,3,Y,N,N
D49478,Affiliate,UK,Europe/London,2026-07-23 14:02,2026-08-02 08:03,AD-01,US_SHIFT,3,Y,Y,N
D73148,Affiliate,UK,Europe/London,2026-07-23 15:40,,AD-03,US_SHIFT,0,N,N,N
D72309,Meta,UK,Europe/London,2026-07-23 17:14,2026-07-26 22:24,AD-04,US_SHIFT,4,N,N,N
D23843,Meta,USA,America/New_York,2026-07-23 17:18,,AD-03,US_SHIFT,2,N,N,N
D91615,Google,UAE,Asia/Dubai,2026-07-23 18:49,2026-07-24 22:31,AD-06,IST_SHIFT,2,Y,Y,N
D40992,Meta,USA,America/New_York,2026-07-23 19:45,,AD-01,US_SHIFT,0,N,N,N
D52049,Affiliate,UK,Europe/London,2026-07-23 21:31,2026-07-24 14:16,AD-05,US_SHIFT,3,Y,Y,N
D69306,Google,USA,America/New_York,2026-07-23 21:43,2026-07-29 05:43,AD-04,US_SHIFT,2,N,N,N
D71374,DSA,USA,America/New_York,2026-07-23 21:51,2026-07-25 07:34,AD-05,US_SHIFT,1,Y,Y,N
D18813,Referral,USA,America/New_York,2026-07-23 22:30,2026-07-24 04:54,AD-05,US_SHIFT,0,N,N,N
D18996,DSA,USA,America/New_York,2026-07-23 23:17,2026-07-29 07:21,AD-04,US_SHIFT,4,N,N,N
D78258,Meta,Saudi Arabia,Asia/Riyadh,2026-07-23 23:33,,AD-09,IST_SHIFT,4,N,N,N
D14826,DSA,Vietnam,Asia/Ho_Chi_Minh,2026-07-24 01:42,,AD-07,IST_SHIFT,4,N,N,N
D63437,Meta,UK,Europe/London,2026-07-24 02:02,,AD-01,US_SHIFT,1,N,N,N
D93329,Organic,Vietnam,Asia/Ho_Chi_Minh,2026-07-24 03:20,2026-07-25 15:27,AD-08,IST_SHIFT,2,Y,Y,N
D42167,Organic,Saudi Arabia,Asia/Riyadh,2026-07-24 03:27,2026-07-24 06:57,AD-07,IST_SHIFT,1,Y,Y,N
D76868,DSA,USA,America/New_York,2026-07-24 03:36,,AD-03,US_SHIFT,0,N,N,N
D92714,Meta,Australia,Australia/Sydney,2026-07-24 03:59,2026-07-25 08:35,AD-11,SEA_SHIFT,3,Y,Y,N
D85042,DSA,Singapore,Asia/Singapore,2026-07-24 05:46,2026-07-25 05:39,AD-12,SEA_SHIFT,1,Y,Y,N
D76041,DSA,UK,Europe/London,2026-07-24 05:46,2026-08-02 05:50,AD-04,US_SHIFT,3,Y,N,N
D81279,Meta,USA,America/New_York,2026-07-24 06:11,2026-07-25 21:50,AD-01,US_SHIFT,2,Y,Y,N
D15704,Meta,USA,America/New_York,2026-07-24 08:36,2026-07-24 19:35,AD-01,US_SHIFT,0,Y,Y,N
D93147,Affiliate,Vietnam,Asia/Ho_Chi_Minh,2026-07-24 10:06,,AD-08,IST_SHIFT,2,N,N,N
D31088,Organic,USA,America/New_York,2026-07-24 10:55,2026-07-25 06:12,AD-01,US_SHIFT,0,Y,Y,N
D63374,Meta,USA,America/New_York,2026-07-24 12:55,2026-07-24 22:50,AD-03,US_SHIFT,1,Y,N,N
D36709,Meta,UAE,Asia/Dubai,2026-07-24 13:29,2026-07-25 00:47,AD-08,IST_SHIFT,4,Y,Y,N
D67065,Meta,India,Asia/Kolkata,2026-07-24 13:38,2026-07-28 00:08,AD-09,IST_SHIFT,4,Y,Y,N
D91550,Organic,USA,America/New_York,2026-07-24 14:15,2026-08-01 04:20,AD-05,US_SHIFT,4,Y,Y,N
D91930,Google,Saudi Arabia,Asia/Riyadh,2026-07-24 14:56,2026-08-01 18:57,AD-08,IST_SHIFT,1,Y,Y,Y
D83583,DSA,USA,America/New_York,2026-07-24 15:46,2026-07-25 05:14,AD-04,US_SHIFT,0,Y,Y,N
D83067,DSA,UK,Europe/London,2026-07-24 16:10,2026-07-25 03:38,AD-01,US_SHIFT,3,N,N,N
D37890,DSA,Saudi Arabia,Asia/Riyadh,2026-07-24 16:24,,AD-06,IST_SHIFT,1,N,N,N
D29509,Organic,Singapore,Asia/Singapore,2026-07-24 17:03,2026-08-02 11:46,AD-11,SEA_SHIFT,3,Y,Y,Y
D54863,Meta,Singapore,Asia/Singapore,2026-07-24 17:16,2026-08-01 06:54,AD-11,SEA_SHIFT,0,N,N,N
D72626,Meta,USA,America/New_York,2026-07-24 18:23,2026-07-26 03:05,AD-04,US_SHIFT,4,Y,N,N
D58104,Meta,Australia,Australia/Sydney,2026-07-24 18:57,2026-07-24 20:35,AD-12,SEA_SHIFT,1,N,N,N
D55028,Meta,UAE,Asia/Dubai,2026-07-24 19:09,2026-07-28 05:22,AD-10,IST_SHIFT,4,N,N,N
D35969,Affiliate,USA,America/New_York,2026-07-24 19:47,2026-07-25 15:28,AD-02,US_SHIFT,2,Y,Y,N
D99239,Meta,India,Asia/Kolkata,2026-07-24 20:25,2026-07-25 03:45,AD-08,IST_SHIFT,1,Y,Y,N
D26081,Meta,USA,America/New_York,2026-07-24 20:49,,AD-01,US_SHIFT,3,N,N,N
D19114,Affiliate,Australia,Australia/Sydney,2026-07-24 21:48,,AD-11,SEA_SHIFT,0,N,N,N
D45619,Google,USA,America/New_York,2026-07-24 23:14,2026-07-26 20:40,AD-04,US_SHIFT,1,N,N,N
D38662,DSA,Vietnam,Asia/Ho_Chi_Minh,2026-07-25 00:51,2026-07-26 08:07,AD-09,IST_SHIFT,0,Y,N,N
D31533,Affiliate,Singapore,Asia/Singapore,2026-07-25 01:12,2026-07-25 10:37,AD-11,SEA_SHIFT,2,Y,Y,N
D46553,Google,Saudi Arabia,Asia/Riyadh,2026-07-25 02:13,2026-07-25 15:00,AD-09,IST_SHIFT,2,Y,Y,N
D76531,Meta,Singapore,Asia/Singapore,2026-07-25 03:36,,AD-11,SEA_SHIFT,0,N,N,N
D72800,Affiliate,USA,America/New_York,2026-07-25 03:57,2026-07-26 13:32,AD-04,US_SHIFT,2,N,N,N
D27832,Referral,India,Asia/Kolkata,2026-07-25 03:58,2026-08-04 02:53,AD-07,IST_SHIFT,1,N,N,N
D10899,Google,Vietnam,Asia/Ho_Chi_Minh,2026-07-25 04:09,2026-07-26 09:15,AD-07,IST_SHIFT,3,Y,Y,N
D36560,Affiliate,USA,America/New_York,2026-07-25 04:19,,AD-04,US_SHIFT,3,N,N,N
D77302,Meta,Vietnam,Asia/Ho_Chi_Minh,2026-07-25 05:36,,AD-06,IST_SHIFT,2,N,N,N
D22608,Meta,USA,America/New_York,2026-07-25 05:46,2026-07-25 15:03,AD-03,US_SHIFT,0,Y,Y,N
D18224,Organic,Vietnam,Asia/Ho_Chi_Minh,2026-07-25 06:24,2026-07-27 00:50,AD-09,IST_SHIFT,4,Y,N,N
D65101,Organic,USA,America/New_York,2026-07-25 08:30,2026-07-26 23:08,AD-02,US_SHIFT,4,Y,Y,N
D53928,Meta,UAE,Asia/Dubai,2026-07-25 10:26,,AD-10,IST_SHIFT,2,N,N,N
D64708,Meta,USA,America/New_York,2026-07-25 10:51,2026-07-25 11:57,AD-05,US_SHIFT,3,Y,Y,N
D88265,Meta,Vietnam,Asia/Ho_Chi_Minh,2026-07-25 11:19,,AD-08,IST_SHIFT,3,N,N,N
D27559,Meta,USA,America/New_York,2026-07-25 12:22,2026-07-27 06:27,AD-01,US_SHIFT,1,Y,Y,N
D45849,Meta,USA,America/New_York,2026-07-25 14:06,2026-07-26 03:11,AD-05,US_SHIFT,1,Y,Y,N
D96703,Google,Australia,Australia/Sydney,2026-07-25 15:04,,AD-12,SEA_SHIFT,1,N,N,N
D62446,Organic,USA,America/New_York,2026-07-25 17:08,,AD-03,US_SHIFT,3,N,N,N
D65780,Referral,Singapore,Asia/Singapore,2026-07-25 17:41,2026-07-27 09:04,AD-11,SEA_SHIFT,1,Y,Y,N
D57507,Meta,Vietnam,Asia/Ho_Chi_Minh,2026-07-25 19:14,2026-08-02 17:22,AD-08,IST_SHIFT,0,N,N,N
D50198,Meta,USA,America/New_York,2026-07-25 19:20,,AD-03,US_SHIFT,3,N,N,N
D34447,Google,Australia,Australia/Sydney,2026-07-25 19:30,,AD-11,SEA_SHIFT,1,N,N,N
D90998,Affiliate,UK,Europe/London,2026-07-25 20:44,2026-07-30 19:31,AD-01,US_SHIFT,4,N,N,N
D53155,Meta,UK,Europe/London,2026-07-25 21:22,2026-07-27 11:25,AD-03,US_SHIFT,1,N,N,N
D30158,Google,Vietnam,Asia/Ho_Chi_Minh,2026-07-25 22:47,2026-07-30 00:52,AD-06,IST_SHIFT,3,N,N,N
D21688,Meta,USA,America/New_York,2026-07-26 01:12,2026-07-27 21:14,AD-03,US_SHIFT,4,N,N,N
D15558,Meta,USA,America/New_York,2026-07-26 03:10,2026-07-26 04:12,AD-02,US_SHIFT,3,Y,N,N
D87407,Meta,Vietnam,Asia/Ho_Chi_Minh,2026-07-26 03:52,2026-07-29 15:22,AD-09,IST_SHIFT,3,Y,Y,N
D44319,Meta,Singapore,Asia/Singapore,2026-07-26 03:56,,AD-12,SEA_SHIFT,2,N,N,N
D84118,Meta,UAE,Asia/Dubai,2026-07-26 04:18,,AD-07,IST_SHIFT,3,N,N,N
D49204,Meta,USA,America/New_York,2026-07-26 06:32,2026-07-27 04:30,AD-05,US_SHIFT,4,Y,Y,N
D37852,Meta,Saudi Arabia,Asia/Riyadh,2026-07-26 06:49,2026-07-28 13:20,AD-10,IST_SHIFT,1,N,N,N
D81711,Google,Saudi Arabia,Asia/Riyadh,2026-07-26 09:34,2026-07-27 03:37,AD-10,IST_SHIFT,2,Y,Y,N
D87968,Organic,Singapore,Asia/Singapore,2026-07-26 10:30,2026-07-28 07:28,AD-11,SEA_SHIFT,2,N,N,N
D78715,Meta,Saudi Arabia,Asia/Riyadh,2026-07-26 11:07,2026-07-28 14:07,AD-10,IST_SHIFT,2,Y,Y,N
D10392,Google,UK,Europe/London,2026-07-26 11:57,2026-08-02 22:08,AD-03,US_SHIFT,0,N,N,N
D36888,Organic,UK,Europe/London,2026-07-26 13:23,2026-07-27 11:15,AD-04,US_SHIFT,1,N,N,N
D73727,Meta,USA,America/New_York,2026-07-26 14:00,,AD-02,US_SHIFT,4,N,N,N
D81201,Meta,UK,Europe/London,2026-07-26 14:03,2026-07-28 13:40,AD-01,US_SHIFT,3,Y,Y,N
D94950,Google,USA,America/New_York,2026-07-26 15:12,2026-07-27 14:31,AD-03,US_SHIFT,2,N,N,N
D77400,DSA,India,Asia/Kolkata,2026-07-26 15:39,,AD-09,IST_SHIFT,1,N,N,N
D19518,DSA,UK,Europe/London,2026-07-26 15:48,,AD-04,US_SHIFT,1,N,N,N
D81804,Meta,Saudi Arabia,Asia/Riyadh,2026-07-26 16:14,,AD-09,IST_SHIFT,1,N,N,N
D11927,Organic,India,Asia/Kolkata,2026-07-26 16:42,2026-07-27 01:49,AD-07,IST_SHIFT,3,N,N,N
D81667,Affiliate,India,Asia/Kolkata,2026-07-26 17:08,2026-07-26 19:04,AD-08,IST_SHIFT,2,Y,Y,N
D56996,Google,Saudi Arabia,Asia/Riyadh,2026-07-26 18:45,2026-07-27 03:05,AD-07,IST_SHIFT,0,Y,Y,N
D92131,Google,USA,America/New_York,2026-07-26 19:13,2026-08-04 12:39,AD-05,US_SHIFT,1,N,N,N
D98586,Meta,USA,America/New_York,2026-07-26 19:21,,AD-03,US_SHIFT,1,N,N,N
D55476,Google,Singapore,Asia/Singapore,2026-07-26 20:02,2026-08-02 19:05,AD-11,SEA_SHIFT,3,Y,Y,N
D14533,Google,USA,America/New_York,2026-07-26 21:24,,AD-02,US_SHIFT,1,N,N,N
D32605,Meta,Singapore,Asia/Singapore,2026-07-26 22:38,2026-07-28 00:36,AD-11,SEA_SHIFT,1,Y,Y,Y
D55972,Meta,Vietnam,Asia/Ho_Chi_Minh,2026-07-26 23:58,2026-08-03 03:00,AD-07,IST_SHIFT,4,Y,Y,N
D11780,Google,India,Asia/Kolkata,2026-07-27 01:41,2026-08-05 16:37,AD-10,IST_SHIFT,2,Y,Y,N
D22762,DSA,UAE,Asia/Dubai,2026-07-27 01:41,,AD-10,IST_SHIFT,0,N,N,N
D16492,Meta,Australia,Australia/Sydney,2026-07-27 02:55,,AD-11,SEA_SHIFT,2,N,N,N
D18869,Meta,Vietnam,Asia/Ho_Chi_Minh,2026-07-27 03:03,2026-07-29 02:55,AD-08,IST_SHIFT,0,N,N,N
D23567,DSA,UK,Europe/London,2026-07-27 08:55,2026-07-31 16:44,AD-02,US_SHIFT,2,N,N,N
D19868,DSA,USA,America/New_York,2026-07-27 09:20,2026-07-27 11:22,AD-04,US_SHIFT,4,Y,Y,N
D70462,Google,UAE,Asia/Dubai,2026-07-27 10:41,2026-07-28 20:08,AD-10,IST_SHIFT,3,Y,Y,N
D85270,Meta,USA,America/New_York,2026-07-27 11:11,,AD-03,US_SHIFT,1,N,N,N
D32771,Meta,Vietnam,Asia/Ho_Chi_Minh,2026-07-27 13:15,2026-07-30 17:44,AD-09,IST_SHIFT,3,N,N,N
D64359,Google,USA,America/New_York,2026-07-27 13:23,2026-07-29 09:41,AD-01,US_SHIFT,1,Y,Y,Y
D66234,Google,USA,America/New_York,2026-07-27 14:22,2026-08-06 13:04,AD-02,US_SHIFT,1,N,N,N
D85550,Meta,USA,America/New_York,2026-07-27 14:50,,AD-03,US_SHIFT,4,N,N,N
D86054,Organic,Vietnam,Asia/Ho_Chi_Minh,2026-07-27 15:37,2026-07-29 04:42,AD-10,IST_SHIFT,1,Y,Y,N
D90217,DSA,USA,America/New_York,2026-07-27 15:55,,AD-03,US_SHIFT,0,N,N,N
D27376,Affiliate,Australia,Australia/Sydney,2026-07-27 16:03,,AD-11,SEA_SHIFT,4,N,N,N
D96708,Affiliate,Vietnam,Asia/Ho_Chi_Minh,2026-07-27 16:22,2026-08-02 00:21,AD-10,IST_SHIFT,2,Y,Y,N
D70141,Google,USA,America/New_York,2026-07-27 16:37,2026-08-03 03:58,AD-04,US_SHIFT,3,Y,Y,N
D42442,Affiliate,Saudi Arabia,Asia/Riyadh,2026-07-27 18:14,2026-07-30 23:47,AD-09,IST_SHIFT,2,N,N,N
D47587,Meta,Vietnam,Asia/Ho_Chi_Minh,2026-07-27 20:12,2026-07-28 04:23,AD-07,IST_SHIFT,0,Y,Y,N
D32190,Meta,UK,Europe/London,2026-07-27 20:39,2026-07-28 18:29,AD-04,US_SHIFT,2,Y,Y,N
D93251,Google,Vietnam,Asia/Ho_Chi_Minh,2026-07-27 21:27,,AD-09,IST_SHIFT,1,N,N,N
D92951,Meta,Australia,Australia/Sydney,2026-07-27 22:25,,AD-11,SEA_SHIFT,2,N,N,N
D71277,DSA,UAE,Asia/Dubai,2026-07-27 22:49,2026-07-28 04:34,AD-06,IST_SHIFT,0,Y,Y,N
D61326,Google,UAE,Asia/Dubai,2026-07-28 02:15,,AD-08,IST_SHIFT,0,N,N,N
D29814,DSA,UK,Europe/London,2026-07-28 02:50,2026-07-28 21:13,AD-04,US_SHIFT,2,Y,Y,Y
D97544,Meta,Vietnam,Asia/Ho_Chi_Minh,2026-07-28 03:11,2026-07-28 04:18,AD-10,IST_SHIFT,2,N,N,N
D74767,Meta,USA,America/New_York,2026-07-28 03:43,2026-07-29 21:05,AD-04,US_SHIFT,0,N,N,N
D47794,Meta,Australia,Australia/Sydney,2026-07-28 04:25,2026-07-30 11:25,AD-12,SEA_SHIFT,2,Y,N,N
D46987,Meta,UK,Europe/London,2026-07-28 06:52,,AD-02,US_SHIFT,2,N,N,N
D44873,Google,Saudi Arabia,Asia/Riyadh,2026-07-28 07:44,2026-07-28 14:02,AD-06,IST_SHIFT,2,Y,Y,N
D59714,Meta,UK,Europe/London,2026-07-28 08:19,2026-07-29 18:33,AD-03,US_SHIFT,1,Y,Y,N
D26533,DSA,Saudi Arabia,Asia/Riyadh,2026-07-28 08:22,,AD-10,IST_SHIFT,1,N,N,N
D32400,DSA,USA,America/New_York,2026-07-28 09:07,,AD-03,US_SHIFT,3,N,N,N
D62546,DSA,Saudi Arabia,Asia/Riyadh,2026-07-28 09:13,2026-07-30 01:30,AD-07,IST_SHIFT,1,Y,Y,N
D13928,Organic,India,Asia/Kolkata,2026-07-28 09:26,,AD-06,IST_SHIFT,0,N,N,N
D80054,Organic,India,Asia/Kolkata,2026-07-28 11:51,2026-08-02 15:53,AD-09,IST_SHIFT,3,Y,Y,N
D53757,Affiliate,India,Asia/Kolkata,2026-07-28 13:33,2026-08-04 11:33,AD-09,IST_SHIFT,1,N,N,N
D38746,Google,India,Asia/Kolkata,2026-07-28 14:32,,AD-10,IST_SHIFT,0,N,N,N
D57293,Google,USA,America/New_York,2026-07-28 16:59,2026-08-04 06:56,AD-03,US_SHIFT,2,Y,Y,N
D98964,Google,USA,America/New_York,2026-07-28 17:43,,AD-03,US_SHIFT,4,N,N,N
D92915,DSA,USA,America/New_York,2026-07-28 18:56,2026-07-28 22:50,AD-03,US_SHIFT,4,Y,N,N
D26027,Meta,Australia,Australia/Sydney,2026-07-28 19:11,2026-08-06 04:09,AD-12,SEA_SHIFT,3,N,N,N
D19849,Meta,Vietnam,Asia/Ho_Chi_Minh,2026-07-28 19:53,,AD-08,IST_SHIFT,3,N,N,N
D61331,Google,UK,Europe/London,2026-07-28 21:09,2026-08-03 17:43,AD-01,US_SHIFT,2,Y,Y,N
D33273,Meta,Vietnam,Asia/Ho_Chi_Minh,2026-07-28 21:27,2026-08-01 02:58,AD-09,IST_SHIFT,4,N,N,N
D81895,Meta,USA,America/New_York,2026-07-28 22:05,2026-07-29 21:47,AD-04,US_SHIFT,2,Y,N,N
D93774,Organic,Vietnam,Asia/Ho_Chi_Minh,2026-07-28 22:50,2026-07-30 08:24,AD-06,IST_SHIFT,2,N,N,N
D99053,Meta,USA,America/New_York,2026-07-29 00:50,2026-07-29 15:25,AD-01,US_SHIFT,0,Y,Y,N
D98515,Meta,Vietnam,Asia/Ho_Chi_Minh,2026-07-29 02:21,2026-07-30 15:03,AD-08,IST_SHIFT,1,N,N,N
D13921,Meta,USA,America/New_York,2026-07-29 03:37,2026-07-30 12:32,AD-05,US_SHIFT,0,Y,Y,N
D18096,Meta,India,Asia/Kolkata,2026-07-29 04:08,2026-07-30 12:33,AD-09,IST_SHIFT,2,Y,N,N
D31659,Google,USA,America/New_York,2026-07-29 06:36,,AD-02,US_SHIFT,3,N,N,N
D70866,Google,Vietnam,Asia/Ho_Chi_Minh,2026-07-29 07:50,,AD-07,IST_SHIFT,2,N,N,N
D97459,Google,Vietnam,Asia/Ho_Chi_Minh,2026-07-29 08:02,2026-07-29 19:58,AD-08,IST_SHIFT,4,N,N,N
D16136,DSA,Saudi Arabia,Asia/Riyadh,2026-07-29 08:15,,AD-08,IST_SHIFT,2,N,N,N
D18669,Organic,USA,America/New_York,2026-07-29 08:21,2026-07-31 00:08,AD-01,US_SHIFT,4,Y,Y,N
D46753,Meta,Vietnam,Asia/Ho_Chi_Minh,2026-07-29 08:40,,AD-07,IST_SHIFT,0,N,N,N
D56755,Affiliate,UK,Europe/London,2026-07-29 09:42,,AD-04,US_SHIFT,1,N,N,N
D64139,Meta,USA,America/New_York,2026-07-29 09:44,,AD-01,US_SHIFT,3,N,N,N
D30343,Affiliate,Vietnam,Asia/Ho_Chi_Minh,2026-07-29 09:58,2026-07-29 18:56,AD-10,IST_SHIFT,1,Y,Y,N
D38476,DSA,USA,America/New_York,2026-07-29 10:04,2026-08-03 09:30,AD-01,US_SHIFT,3,N,N,N
D41807,Meta,UK,Europe/London,2026-07-29 10:32,2026-08-07 11:20,AD-02,US_SHIFT,0,N,N,N
D30477,Meta,Saudi Arabia,Asia/Riyadh,2026-07-29 11:15,,AD-10,IST_SHIFT,4,N,N,N
D11956,Affiliate,Saudi Arabia,Asia/Riyadh,2026-07-29 11:36,2026-08-02 06:18,AD-06,IST_SHIFT,4,Y,Y,N
D67152,Google,UK,Europe/London,2026-07-29 13:43,,AD-01,US_SHIFT,2,N,N,N
D90250,Meta,India,Asia/Kolkata,2026-07-29 14:00,2026-07-30 06:13,AD-07,IST_SHIFT,2,Y,Y,Y
D24297,Meta,UK,Europe/London,2026-07-29 14:13,2026-07-30 10:34,AD-03,US_SHIFT,2,Y,Y,Y
D97480,Affiliate,Vietnam,Asia/Ho_Chi_Minh,2026-07-29 15:25,2026-07-31 02:12,AD-07,IST_SHIFT,4,Y,Y,N
D69335,Meta,USA,America/New_York,2026-07-29 16:31,2026-07-31 07:27,AD-01,US_SHIFT,2,Y,Y,N
D97622,Meta,USA,America/New_York,2026-07-29 17:17,2026-08-07 01:22,AD-01,US_SHIFT,3,N,N,N
D64178,Meta,UK,Europe/London,2026-07-29 17:17,2026-08-01 04:40,AD-03,US_SHIFT,0,N,N,N
D86429,Google,USA,America/New_York,2026-07-29 18:03,,AD-04,US_SHIFT,1,N,N,N
D81622,Google,Australia,Australia/Sydney,2026-07-29 18:10,2026-07-30 08:46,AD-11,SEA_SHIFT,1,Y,Y,N
D79805,Google,USA,America/New_York,2026-07-29 18:10,,AD-05,US_SHIFT,2,N,N,N
D40369,Google,Saudi Arabia,Asia/Riyadh,2026-07-29 18:14,,AD-08,IST_SHIFT,3,N,N,N
D52483,Meta,UK,Europe/London,2026-07-29 18:39,,AD-01,US_SHIFT,1,N,N,N
D26559,Meta,Vietnam,Asia/Ho_Chi_Minh,2026-07-29 18:56,,AD-09,IST_SHIFT,4,N,N,N
D64182,Meta,USA,America/New_York,2026-07-29 21:20,2026-08-05 05:17,AD-03,US_SHIFT,3,Y,Y,N
D67693,Google,Saudi Arabia,Asia/Riyadh,2026-07-29 21:58,2026-08-04 20:39,AD-06,IST_SHIFT,2,N,N,N
D76117,Google,UK,Europe/London,2026-07-29 21:59,2026-08-08 03:41,AD-05,US_SHIFT,4,N,N,N
D22257,Meta,India,Asia/Kolkata,2026-07-29 22:23,2026-08-03 21:59,AD-08,IST_SHIFT,1,Y,Y,Y
D46591,Meta,Vietnam,Asia/Ho_Chi_Minh,2026-07-29 22:58,,AD-08,IST_SHIFT,2,N,N,N
D46214,DSA,USA,America/New_York,2026-07-29 23:23,2026-07-30 01:12,AD-04,US_SHIFT,2,N,N,N
D74322,Google,USA,America/New_York,2026-07-30 00:00,2026-07-30 02:28,AD-05,US_SHIFT,4,Y,Y,Y
D15280,Google,USA,America/New_York,2026-07-30 00:19,2026-07-30 10:21,AD-05,US_SHIFT,3,Y,N,N
D42128,Google,USA,America/New_York,2026-07-30 00:29,2026-08-08 00:47,AD-03,US_SHIFT,2,N,N,N
D26844,Referral,Australia,Australia/Sydney,2026-07-30 01:26,2026-08-01 01:23,AD-11,SEA_SHIFT,0,Y,Y,N
D84692,Meta,Vietnam,Asia/Ho_Chi_Minh,2026-07-30 01:35,2026-08-06 19:00,AD-10,IST_SHIFT,1,N,N,N
D25109,Organic,Saudi Arabia,Asia/Riyadh,2026-07-30 03:39,,AD-10,IST_SHIFT,3,N,N,N
D98250,Affiliate,Vietnam,Asia/Ho_Chi_Minh,2026-07-30 04:15,2026-08-02 17:27,AD-07,IST_SHIFT,1,N,N,N
D90583,Meta,UK,Europe/London,2026-07-30 06:00,2026-07-30 21:38,AD-03,US_SHIFT,1,Y,Y,Y
D97770,Meta,Vietnam,Asia/Ho_Chi_Minh,2026-07-30 06:43,2026-08-07 04:37,AD-10,IST_SHIFT,1,Y,N,N
D66306,Meta,USA,America/New_York,2026-07-30 07:05,2026-07-30 23:27,AD-03,US_SHIFT,1,Y,N,N
D39608,Google,Singapore,Asia/Singapore,2026-07-30 07:13,,AD-11,SEA_SHIFT,3,N,N,N
D46906,Organic,USA,America/New_York,2026-07-30 07:22,2026-07-31 09:29,AD-05,US_SHIFT,4,Y,Y,N
D99799,Meta,USA,America/New_York,2026-07-30 07:24,,AD-02,US_SHIFT,4,N,N,N
D83747,Google,Singapore,Asia/Singapore,2026-07-30 08:21,,AD-12,SEA_SHIFT,2,N,N,N
D81616,DSA,Vietnam,Asia/Ho_Chi_Minh,2026-07-30 08:53,2026-08-03 12:19,AD-07,IST_SHIFT,2,Y,Y,N
D98709,Affiliate,Saudi Arabia,Asia/Riyadh,2026-07-30 11:16,2026-08-02 15:24,AD-06,IST_SHIFT,0,N,N,N
D88363,Organic,USA,America/New_York,2026-07-30 12:58,2026-08-02 06:46,AD-02,US_SHIFT,1,Y,Y,Y
D51779,Google,UAE,Asia/Dubai,2026-07-30 14:02,,AD-10,IST_SHIFT,0,N,N,N
D24576,Meta,USA,America/New_York,2026-07-30 14:50,2026-07-31 18:39,AD-05,US_SHIFT,0,Y,N,N
D15846,Meta,Vietnam,Asia/Ho_Chi_Minh,2026-07-30 16:23,,AD-07,IST_SHIFT,2,N,N,N
D88125,DSA,India,Asia/Kolkata,2026-07-30 16:23,2026-07-31 19:51,AD-08,IST_SHIFT,2,N,N,N
D46908,Meta,Vietnam,Asia/Ho_Chi_Minh,2026-07-30 16:52,2026-08-01 23:22,AD-09,IST_SHIFT,2,Y,Y,N
D44679,Google,USA,America/New_York,2026-07-30 17:56,2026-07-31 00:32,AD-01,US_SHIFT,1,Y,Y,Y
D74096,Meta,USA,America/New_York,2026-07-30 18:00,2026-08-02 08:17,AD-02,US_SHIFT,0,Y,Y,N
D56511,Meta,USA,America/New_York,2026-07-30 20:32,2026-07-31 06:29,AD-04,US_SHIFT,3,Y,Y,N
D62556,Google,USA,America/New_York,2026-07-30 20:40,2026-08-01 19:36,AD-04,US_SHIFT,0,N,N,N
D73252,Meta,Vietnam,Asia/Ho_Chi_Minh,2026-07-30 21:32,,AD-08,IST_SHIFT,2,N,N,N
D57348,Google,USA,America/New_York,2026-07-30 21:58,,AD-03,US_SHIFT,4,N,N,N
D71824,Affiliate,Vietnam,Asia/Ho_Chi_Minh,2026-07-30 23:27,2026-08-01 05:03,AD-06,IST_SHIFT,2,Y,Y,N
D84177,Meta,Australia,Australia/Sydney,2026-07-31 00:36,2026-08-08 19:55,AD-11,SEA_SHIFT,2,N,N,N
D41308,Meta,USA,America/New_York,2026-07-31 01:47,2026-08-02 10:24,AD-02,US_SHIFT,4,N,N,N
D72951,DSA,UAE,Asia/Dubai,2026-07-31 02:02,,AD-06,IST_SHIFT,2,N,N,N
D77854,Meta,USA,America/New_York,2026-07-31 03:06,2026-08-02 00:35,AD-02,US_SHIFT,2,Y,Y,N
D78957,Meta,USA,America/New_York,2026-07-31 03:44,2026-08-06 16:40,AD-04,US_SHIFT,0,Y,Y,N
D59407,Meta,USA,America/New_York,2026-07-31 03:51,,AD-03,US_SHIFT,2,N,N,N
D93992,DSA,India,Asia/Kolkata,2026-07-31 05:42,2026-07-31 15:01,AD-07,IST_SHIFT,0,Y,Y,N
D46142,Organic,Saudi Arabia,Asia/Riyadh,2026-07-31 06:04,,AD-08,IST_SHIFT,2,N,N,N
D95768,Referral,UK,Europe/London,2026-07-31 07:15,2026-08-07 05:31,AD-04,US_SHIFT,3,Y,Y,N
D40659,Google,USA,America/New_York,2026-07-31 07:31,,AD-02,US_SHIFT,4,N,N,N
D12619,Google,Australia,Australia/Sydney,2026-07-31 08:27,2026-08-01 12:18,AD-11,SEA_SHIFT,4,N,N,N
D51428,Organic,UAE,Asia/Dubai,2026-07-31 09:25,2026-08-01 13:14,AD-09,IST_SHIFT,2,Y,Y,N
D55169,Meta,USA,America/New_York,2026-07-31 09:39,2026-08-01 16:09,AD-04,US_SHIFT,0,Y,Y,Y
D33219,Meta,Vietnam,Asia/Ho_Chi_Minh,2026-07-31 09:49,2026-08-03 19:07,AD-06,IST_SHIFT,1,N,N,N
D66799,Affiliate,UK,Europe/London,2026-07-31 10:02,2026-08-07 20:15,AD-03,US_SHIFT,0,N,N,N
D99557,DSA,USA,America/New_York,2026-07-31 10:23,,AD-01,US_SHIFT,1,N,N,N
D74685,Meta,USA,America/New_York,2026-07-31 11:35,2026-07-31 14:58,AD-01,US_SHIFT,2,Y,Y,N
D23556,DSA,Saudi Arabia,Asia/Riyadh,2026-07-31 11:49,,AD-09,IST_SHIFT,3,N,N,N
D66879,Meta,USA,America/New_York,2026-07-31 12:01,2026-08-02 04:22,AD-04,US_SHIFT,2,Y,Y,Y
D64997,Google,India,Asia/Kolkata,2026-07-31 12:07,2026-08-09 21:55,AD-06,IST_SHIFT,3,N,N,N
D35983,Meta,India,Asia/Kolkata,2026-07-31 14:33,,AD-07,IST_SHIFT,2,N,N,N
D78207,Meta,Vietnam,Asia/Ho_Chi_Minh,2026-07-31 15:11,2026-08-02 09:02,AD-06,IST_SHIFT,4,Y,Y,N
D30099,Affiliate,UK,Europe/London,2026-07-31 17:36,2026-08-04 21:37,AD-03,US_SHIFT,0,N,N,N
D31782,Meta,USA,America/New_York,2026-07-31 18:57,2026-08-02 16:43,AD-01,US_SHIFT,1,N,N,N
D54317,Organic,Vietnam,Asia/Ho_Chi_Minh,2026-07-31 20:56,,AD-08,IST_SHIFT,2,N,N,N
D66132,Meta,USA,America/New_York,2026-07-31 23:03,,AD-04,US_SHIFT,1,N,N,N
D13359,DSA,Vietnam,Asia/Ho_Chi_Minh,2026-07-31 23:45,,AD-09,IST_SHIFT,0,N,N,N
